<annotation>
	<folder></folder>
	<filename>0053860714da4340_jpg.rf.7679a68a5a9a866ba2510a574c954172.jpg</filename>
	<path>0053860714da4340_jpg.rf.7679a68a5a9a866ba2510a574c954172.jpg</path>
	<source>
		<database>roboflow.ai</database>
	</source>
	<size>
		<width>416</width>
		<height>416</height>
		<depth>3</depth>
	</size>
	<segmented>0</segmented>
	<object>
		<name>Ambulance</name>
		<pose>Unspecified</pose>
		<truncated>0</truncated>
		<difficult>0</difficult>
		<occluded>0</occluded>
		<bndbox>
			<xmin>1</xmin>
			<xmax>186</xmax>
			<ymin>130</ymin>
			<ymax>294</ymax>
		</bndbox>
	</object>
	<object>
		<name>Ambulance</name>
		<pose>Unspecified</pose>
		<truncated>0</truncated>
		<difficult>0</difficult>
		<occluded>0</occluded>
		<bndbox>
			<xmin>102</xmin>
			<xmax>344</xmax>
			<ymin>130</ymin>
			<ymax>312</ymax>
		</bndbox>
	</object>
</annotation>
