<annotation>
	<folder></folder>
	<filename>005980b3a5f93085_jpg.rf.a98c10f091ce878833fc536014d57116.jpg</filename>
	<path>005980b3a5f93085_jpg.rf.a98c10f091ce878833fc536014d57116.jpg</path>
	<source>
		<database>roboflow.ai</database>
	</source>
	<size>
		<width>416</width>
		<height>416</height>
		<depth>3</depth>
	</size>
	<segmented>0</segmented>
	<object>
		<name>Car</name>
		<pose>Unspecified</pose>
		<truncated>0</truncated>
		<difficult>0</difficult>
		<occluded>0</occluded>
		<bndbox>
			<xmin>38</xmin>
			<xmax>382</xmax>
			<ymin>59</ymin>
			<ymax>369</ymax>
		</bndbox>
	</object>
</annotation>
