<annotation>
	<folder></folder>
	<filename>00aaf0a0a9ee7e71_jpg.rf.96b257a155a74468e5ed2b9d07c8239e.jpg</filename>
	<path>00aaf0a0a9ee7e71_jpg.rf.96b257a155a74468e5ed2b9d07c8239e.jpg</path>
	<source>
		<database>roboflow.ai</database>
	</source>
	<size>
		<width>416</width>
		<height>416</height>
		<depth>3</depth>
	</size>
	<segmented>0</segmented>
	<object>
		<name>Truck</name>
		<pose>Unspecified</pose>
		<truncated>0</truncated>
		<difficult>0</difficult>
		<occluded>0</occluded>
		<bndbox>
			<xmin>19</xmin>
			<xmax>374</xmax>
			<ymin>1</ymin>
			<ymax>396</ymax>
		</bndbox>
	</object>
</annotation>
