<annotation>
	<folder></folder>
	<filename>00e0422e47cdbeb7_jpg.rf.85cc90637396f268569831c85ff8fdf8.jpg</filename>
	<path>00e0422e47cdbeb7_jpg.rf.85cc90637396f268569831c85ff8fdf8.jpg</path>
	<source>
		<database>roboflow.ai</database>
	</source>
	<size>
		<width>416</width>
		<height>416</height>
		<depth>3</depth>
	</size>
	<segmented>0</segmented>
	<object>
		<name>Ambulance</name>
		<pose>Unspecified</pose>
		<truncated>0</truncated>
		<difficult>0</difficult>
		<occluded>0</occluded>
		<bndbox>
			<xmin>71</xmin>
			<xmax>341</xmax>
			<ymin>76</ymin>
			<ymax>362</ymax>
		</bndbox>
	</object>
</annotation>
