<annotation>
	<folder></folder>
	<filename>00e13aca7d2f904a_jpg.rf.e94165aefcb2f93672f2945a75aa2964.jpg</filename>
	<path>00e13aca7d2f904a_jpg.rf.e94165aefcb2f93672f2945a75aa2964.jpg</path>
	<source>
		<database>roboflow.ai</database>
	</source>
	<size>
		<width>416</width>
		<height>416</height>
		<depth>3</depth>
	</size>
	<segmented>0</segmented>
	<object>
		<name>Truck</name>
		<pose>Unspecified</pose>
		<truncated>0</truncated>
		<difficult>0</difficult>
		<occluded>0</occluded>
		<bndbox>
			<xmin>1</xmin>
			<xmax>377</xmax>
			<ymin>42</ymin>
			<ymax>357</ymax>
		</bndbox>
	</object>
</annotation>
