<annotation>
	<folder></folder>
	<filename>00e2d9121adc0c20_jpg.rf.6248f46ba792972c5b1d2136de7481c6.jpg</filename>
	<path>00e2d9121adc0c20_jpg.rf.6248f46ba792972c5b1d2136de7481c6.jpg</path>
	<source>
		<database>roboflow.ai</database>
	</source>
	<size>
		<width>416</width>
		<height>416</height>
		<depth>3</depth>
	</size>
	<segmented>0</segmented>
	<object>
		<name>Ambulance</name>
		<pose>Unspecified</pose>
		<truncated>0</truncated>
		<difficult>0</difficult>
		<occluded>0</occluded>
		<bndbox>
			<xmin>53</xmin>
			<xmax>366</xmax>
			<ymin>123</ymin>
			<ymax>330</ymax>
		</bndbox>
	</object>
	<object>
		<name>Ambulance</name>
		<pose>Unspecified</pose>
		<truncated>0</truncated>
		<difficult>0</difficult>
		<occluded>0</occluded>
		<bndbox>
			<xmin>80</xmin>
			<xmax>298</xmax>
			<ymin>104</ymin>
			<ymax>188</ymax>
		</bndbox>
	</object>
</annotation>
