<annotation>
	<folder></folder>
	<filename>011a8a0a921c2376_jpg.rf.d19f8290a552aa797772cfbbb994afb2.jpg</filename>
	<path>011a8a0a921c2376_jpg.rf.d19f8290a552aa797772cfbbb994afb2.jpg</path>
	<source>
		<database>roboflow.ai</database>
	</source>
	<size>
		<width>416</width>
		<height>416</height>
		<depth>3</depth>
	</size>
	<segmented>0</segmented>
	<object>
		<name>Truck</name>
		<pose>Unspecified</pose>
		<truncated>0</truncated>
		<difficult>0</difficult>
		<occluded>0</occluded>
		<bndbox>
			<xmin>1</xmin>
			<xmax>399</xmax>
			<ymin>1</ymin>
			<ymax>416</ymax>
		</bndbox>
	</object>
</annotation>
