<annotation>
	<folder></folder>
	<filename>0133391d627e6df4_jpg.rf.39b56ea4597a01b6e40c8c176fa32f7b.jpg</filename>
	<path>0133391d627e6df4_jpg.rf.39b56ea4597a01b6e40c8c176fa32f7b.jpg</path>
	<source>
		<database>roboflow.ai</database>
	</source>
	<size>
		<width>416</width>
		<height>416</height>
		<depth>3</depth>
	</size>
	<segmented>0</segmented>
	<object>
		<name>Truck</name>
		<pose>Unspecified</pose>
		<truncated>0</truncated>
		<difficult>0</difficult>
		<occluded>0</occluded>
		<bndbox>
			<xmin>102</xmin>
			<xmax>337</xmax>
			<ymin>44</ymin>
			<ymax>354</ymax>
		</bndbox>
	</object>
</annotation>
