<annotation>
	<folder></folder>
	<filename>013476982d77e380_jpg.rf.7af6150074c216d797b5686b5062e627.jpg</filename>
	<path>013476982d77e380_jpg.rf.7af6150074c216d797b5686b5062e627.jpg</path>
	<source>
		<database>roboflow.ai</database>
	</source>
	<size>
		<width>416</width>
		<height>416</height>
		<depth>3</depth>
	</size>
	<segmented>0</segmented>
	<object>
		<name>Car</name>
		<pose>Unspecified</pose>
		<truncated>0</truncated>
		<difficult>0</difficult>
		<occluded>0</occluded>
		<bndbox>
			<xmin>368</xmin>
			<xmax>416</xmax>
			<ymin>211</ymin>
			<ymax>257</ymax>
		</bndbox>
	</object>
	<object>
		<name>Car</name>
		<pose>Unspecified</pose>
		<truncated>0</truncated>
		<difficult>0</difficult>
		<occluded>0</occluded>
		<bndbox>
			<xmin>339</xmin>
			<xmax>373</xmax>
			<ymin>222</ymin>
			<ymax>238</ymax>
		</bndbox>
	</object>
</annotation>
