<annotation>
	<folder></folder>
	<filename>0158307c4ad94b38_jpg.rf.ed5200c966d7c6bffeca75a998d6cf2d.jpg</filename>
	<path>0158307c4ad94b38_jpg.rf.ed5200c966d7c6bffeca75a998d6cf2d.jpg</path>
	<source>
		<database>roboflow.ai</database>
	</source>
	<size>
		<width>416</width>
		<height>416</height>
		<depth>3</depth>
	</size>
	<segmented>0</segmented>
	<object>
		<name>Ambulance</name>
		<pose>Unspecified</pose>
		<truncated>0</truncated>
		<difficult>0</difficult>
		<occluded>0</occluded>
		<bndbox>
			<xmin>38</xmin>
			<xmax>377</xmax>
			<ymin>85</ymin>
			<ymax>346</ymax>
		</bndbox>
	</object>
</annotation>
