<annotation>
	<folder></folder>
	<filename>02178f3aa9e8b0d1_jpg.rf.80b35fb4b3eeb94908b19705bfbc9ce4.jpg</filename>
	<path>02178f3aa9e8b0d1_jpg.rf.80b35fb4b3eeb94908b19705bfbc9ce4.jpg</path>
	<source>
		<database>roboflow.ai</database>
	</source>
	<size>
		<width>416</width>
		<height>416</height>
		<depth>3</depth>
	</size>
	<segmented>0</segmented>
	<object>
		<name>Motorcycle</name>
		<pose>Unspecified</pose>
		<truncated>0</truncated>
		<difficult>0</difficult>
		<occluded>0</occluded>
		<bndbox>
			<xmin>24</xmin>
			<xmax>409</xmax>
			<ymin>76</ymin>
			<ymax>367</ymax>
		</bndbox>
	</object>
</annotation>
