<annotation>
	<folder></folder>
	<filename>031a836081712b50_jpg.rf.4655fd23a7d301cabe9527538c510212.jpg</filename>
	<path>031a836081712b50_jpg.rf.4655fd23a7d301cabe9527538c510212.jpg</path>
	<source>
		<database>roboflow.ai</database>
	</source>
	<size>
		<width>416</width>
		<height>416</height>
		<depth>3</depth>
	</size>
	<segmented>0</segmented>
	<object>
		<name>Truck</name>
		<pose>Unspecified</pose>
		<truncated>0</truncated>
		<difficult>0</difficult>
		<occluded>0</occluded>
		<bndbox>
			<xmin>1</xmin>
			<xmax>201</xmax>
			<ymin>49</ymin>
			<ymax>337</ymax>
		</bndbox>
	</object>
	<object>
		<name>Truck</name>
		<pose>Unspecified</pose>
		<truncated>0</truncated>
		<difficult>0</difficult>
		<occluded>0</occluded>
		<bndbox>
			<xmin>285</xmin>
			<xmax>416</xmax>
			<ymin>178</ymin>
			<ymax>295</ymax>
		</bndbox>
	</object>
</annotation>
