<annotation>
	<folder></folder>
	<filename>040d25a99e7b675b_jpg.rf.0c0cbd61ec3630212d1c49de4f512c95.jpg</filename>
	<path>040d25a99e7b675b_jpg.rf.0c0cbd61ec3630212d1c49de4f512c95.jpg</path>
	<source>
		<database>roboflow.ai</database>
	</source>
	<size>
		<width>416</width>
		<height>416</height>
		<depth>3</depth>
	</size>
	<segmented>0</segmented>
	<object>
		<name>Ambulance</name>
		<pose>Unspecified</pose>
		<truncated>0</truncated>
		<difficult>0</difficult>
		<occluded>0</occluded>
		<bndbox>
			<xmin>2</xmin>
			<xmax>261</xmax>
			<ymin>232</ymin>
			<ymax>381</ymax>
		</bndbox>
	</object>
</annotation>
