<annotation>
	<folder></folder>
	<filename>041172adfae5695a_jpg.rf.b7f5d325081517267b8ec8a59ccde2c9.jpg</filename>
	<path>041172adfae5695a_jpg.rf.b7f5d325081517267b8ec8a59ccde2c9.jpg</path>
	<source>
		<database>roboflow.ai</database>
	</source>
	<size>
		<width>416</width>
		<height>416</height>
		<depth>3</depth>
	</size>
	<segmented>0</segmented>
	<object>
		<name>Ambulance</name>
		<pose>Unspecified</pose>
		<truncated>0</truncated>
		<difficult>0</difficult>
		<occluded>0</occluded>
		<bndbox>
			<xmin>38</xmin>
			<xmax>365</xmax>
			<ymin>75</ymin>
			<ymax>351</ymax>
		</bndbox>
	</object>
</annotation>
