<annotation>
	<folder></folder>
	<filename>041e674d0d9a45ec_jpg.rf.04aceb09b28469c6ecd8b29890a29a35.jpg</filename>
	<path>041e674d0d9a45ec_jpg.rf.04aceb09b28469c6ecd8b29890a29a35.jpg</path>
	<source>
		<database>roboflow.ai</database>
	</source>
	<size>
		<width>416</width>
		<height>416</height>
		<depth>3</depth>
	</size>
	<segmented>0</segmented>
	<object>
		<name>Motorcycle</name>
		<pose>Unspecified</pose>
		<truncated>0</truncated>
		<difficult>0</difficult>
		<occluded>0</occluded>
		<bndbox>
			<xmin>16</xmin>
			<xmax>300</xmax>
			<ymin>45</ymin>
			<ymax>395</ymax>
		</bndbox>
	</object>
</annotation>
