<annotation>
	<folder></folder>
	<filename>045f8f2e4c2e3077_jpg.rf.c63e52c1f770ac0511831bb04b4528f7.jpg</filename>
	<path>045f8f2e4c2e3077_jpg.rf.c63e52c1f770ac0511831bb04b4528f7.jpg</path>
	<source>
		<database>roboflow.ai</database>
	</source>
	<size>
		<width>416</width>
		<height>416</height>
		<depth>3</depth>
	</size>
	<segmented>0</segmented>
	<object>
		<name>Truck</name>
		<pose>Unspecified</pose>
		<truncated>0</truncated>
		<difficult>0</difficult>
		<occluded>0</occluded>
		<bndbox>
			<xmin>24</xmin>
			<xmax>397</xmax>
			<ymin>105</ymin>
			<ymax>402</ymax>
		</bndbox>
	</object>
</annotation>
