<annotation>
	<folder></folder>
	<filename>04c1d6c2570a7c42_jpg.rf.39e2ac1916d89c29a860060eb977a8a8.jpg</filename>
	<path>04c1d6c2570a7c42_jpg.rf.39e2ac1916d89c29a860060eb977a8a8.jpg</path>
	<source>
		<database>roboflow.ai</database>
	</source>
	<size>
		<width>416</width>
		<height>416</height>
		<depth>3</depth>
	</size>
	<segmented>0</segmented>
	<object>
		<name>Truck</name>
		<pose>Unspecified</pose>
		<truncated>0</truncated>
		<difficult>0</difficult>
		<occluded>0</occluded>
		<bndbox>
			<xmin>281</xmin>
			<xmax>417</xmax>
			<ymin>121</ymin>
			<ymax>275</ymax>
		</bndbox>
	</object>
</annotation>
