<annotation>
	<folder></folder>
	<filename>05168c8b40707be2_jpg.rf.a3b3ffe02d974e190dc4a98e6fc61de4.jpg</filename>
	<path>05168c8b40707be2_jpg.rf.a3b3ffe02d974e190dc4a98e6fc61de4.jpg</path>
	<source>
		<database>roboflow.ai</database>
	</source>
	<size>
		<width>416</width>
		<height>416</height>
		<depth>3</depth>
	</size>
	<segmented>0</segmented>
	<object>
		<name>Motorcycle</name>
		<pose>Unspecified</pose>
		<truncated>0</truncated>
		<difficult>0</difficult>
		<occluded>0</occluded>
		<bndbox>
			<xmin>57</xmin>
			<xmax>331</xmax>
			<ymin>55</ymin>
			<ymax>409</ymax>
		</bndbox>
	</object>
</annotation>
