<annotation>
	<folder></folder>
	<filename>062e230c4506d21d_jpg.rf.a5465ca242a6fed8e2bdc9c4609ae62d.jpg</filename>
	<path>062e230c4506d21d_jpg.rf.a5465ca242a6fed8e2bdc9c4609ae62d.jpg</path>
	<source>
		<database>roboflow.ai</database>
	</source>
	<size>
		<width>416</width>
		<height>416</height>
		<depth>3</depth>
	</size>
	<segmented>0</segmented>
	<object>
		<name>Car</name>
		<pose>Unspecified</pose>
		<truncated>0</truncated>
		<difficult>0</difficult>
		<occluded>0</occluded>
		<bndbox>
			<xmin>34</xmin>
			<xmax>114</xmax>
			<ymin>321</ymin>
			<ymax>369</ymax>
		</bndbox>
	</object>
	<object>
		<name>Car</name>
		<pose>Unspecified</pose>
		<truncated>0</truncated>
		<difficult>0</difficult>
		<occluded>0</occluded>
		<bndbox>
			<xmin>183</xmin>
			<xmax>206</xmax>
			<ymin>301</ymin>
			<ymax>323</ymax>
		</bndbox>
	</object>
</annotation>
