<annotation>
	<folder></folder>
	<filename>067e7d6c015a431d_jpg.rf.b02b5d1ee50863ac3ab92fa97edc9be9.jpg</filename>
	<path>067e7d6c015a431d_jpg.rf.b02b5d1ee50863ac3ab92fa97edc9be9.jpg</path>
	<source>
		<database>roboflow.ai</database>
	</source>
	<size>
		<width>416</width>
		<height>416</height>
		<depth>3</depth>
	</size>
	<segmented>0</segmented>
	<object>
		<name>Motorcycle</name>
		<pose>Unspecified</pose>
		<truncated>0</truncated>
		<difficult>0</difficult>
		<occluded>0</occluded>
		<bndbox>
			<xmin>27</xmin>
			<xmax>388</xmax>
			<ymin>17</ymin>
			<ymax>368</ymax>
		</bndbox>
	</object>
</annotation>
