<annotation>
	<folder></folder>
	<filename>068868f40fb6dbec_jpg.rf.4b8abc79dc8296b2f18cfd56392c540f.jpg</filename>
	<path>068868f40fb6dbec_jpg.rf.4b8abc79dc8296b2f18cfd56392c540f.jpg</path>
	<source>
		<database>roboflow.ai</database>
	</source>
	<size>
		<width>416</width>
		<height>416</height>
		<depth>3</depth>
	</size>
	<segmented>0</segmented>
	<object>
		<name>Truck</name>
		<pose>Unspecified</pose>
		<truncated>0</truncated>
		<difficult>0</difficult>
		<occluded>0</occluded>
		<bndbox>
			<xmin>191</xmin>
			<xmax>269</xmax>
			<ymin>287</ymin>
			<ymax>363</ymax>
		</bndbox>
	</object>
	<object>
		<name>Truck</name>
		<pose>Unspecified</pose>
		<truncated>0</truncated>
		<difficult>0</difficult>
		<occluded>0</occluded>
		<bndbox>
			<xmin>9</xmin>
			<xmax>59</xmax>
			<ymin>16</ymin>
			<ymax>78</ymax>
		</bndbox>
	</object>
	<object>
		<name>Truck</name>
		<pose>Unspecified</pose>
		<truncated>0</truncated>
		<difficult>0</difficult>
		<occluded>0</occluded>
		<bndbox>
			<xmin>51</xmin>
			<xmax>109</xmax>
			<ymin>127</ymin>
			<ymax>189</ymax>
		</bndbox>
	</object>
	<object>
		<name>Truck</name>
		<pose>Unspecified</pose>
		<truncated>0</truncated>
		<difficult>0</difficult>
		<occluded>0</occluded>
		<bndbox>
			<xmin>93</xmin>
			<xmax>172</xmax>
			<ymin>197</ymin>
			<ymax>285</ymax>
		</bndbox>
	</object>
	<object>
		<name>Truck</name>
		<pose>Unspecified</pose>
		<truncated>0</truncated>
		<difficult>0</difficult>
		<occluded>0</occluded>
		<bndbox>
			<xmin>249</xmin>
			<xmax>324</xmax>
			<ymin>153</ymin>
			<ymax>239</ymax>
		</bndbox>
	</object>
	<object>
		<name>Truck</name>
		<pose>Unspecified</pose>
		<truncated>0</truncated>
		<difficult>0</difficult>
		<occluded>0</occluded>
		<bndbox>
			<xmin>272</xmin>
			<xmax>404</xmax>
			<ymin>1</ymin>
			<ymax>203</ymax>
		</bndbox>
	</object>
</annotation>
