<annotation>
	<folder></folder>
	<filename>076317ab4c925aa9_jpg.rf.2b342018f64e68da82546169ae486429.jpg</filename>
	<path>076317ab4c925aa9_jpg.rf.2b342018f64e68da82546169ae486429.jpg</path>
	<source>
		<database>roboflow.ai</database>
	</source>
	<size>
		<width>416</width>
		<height>416</height>
		<depth>3</depth>
	</size>
	<segmented>0</segmented>
	<object>
		<name>Bus</name>
		<pose>Unspecified</pose>
		<truncated>0</truncated>
		<difficult>0</difficult>
		<occluded>0</occluded>
		<bndbox>
			<xmin>1</xmin>
			<xmax>186</xmax>
			<ymin>1</ymin>
			<ymax>416</ymax>
		</bndbox>
	</object>
	<object>
		<name>Bus</name>
		<pose>Unspecified</pose>
		<truncated>0</truncated>
		<difficult>0</difficult>
		<occluded>0</occluded>
		<bndbox>
			<xmin>306</xmin>
			<xmax>412</xmax>
			<ymin>184</ymin>
			<ymax>279</ymax>
		</bndbox>
	</object>
</annotation>
