<annotation>
	<folder></folder>
	<filename>07a108f07e99070b_jpg.rf.890cc59e23484d103cb46c89ee90679c.jpg</filename>
	<path>07a108f07e99070b_jpg.rf.890cc59e23484d103cb46c89ee90679c.jpg</path>
	<source>
		<database>roboflow.ai</database>
	</source>
	<size>
		<width>416</width>
		<height>416</height>
		<depth>3</depth>
	</size>
	<segmented>0</segmented>
	<object>
		<name>Bus</name>
		<pose>Unspecified</pose>
		<truncated>0</truncated>
		<difficult>0</difficult>
		<occluded>0</occluded>
		<bndbox>
			<xmin>103</xmin>
			<xmax>196</xmax>
			<ymin>273</ymin>
			<ymax>311</ymax>
		</bndbox>
	</object>
</annotation>
