<annotation>
	<folder></folder>
	<filename>07d61c5699b6f4da_jpg.rf.705a9a2fd64533e671112192c09bfe06.jpg</filename>
	<path>07d61c5699b6f4da_jpg.rf.705a9a2fd64533e671112192c09bfe06.jpg</path>
	<source>
		<database>roboflow.ai</database>
	</source>
	<size>
		<width>416</width>
		<height>416</height>
		<depth>3</depth>
	</size>
	<segmented>0</segmented>
	<object>
		<name>Bus</name>
		<pose>Unspecified</pose>
		<truncated>0</truncated>
		<difficult>0</difficult>
		<occluded>0</occluded>
		<bndbox>
			<xmin>1</xmin>
			<xmax>417</xmax>
			<ymin>72</ymin>
			<ymax>343</ymax>
		</bndbox>
	</object>
</annotation>
