<annotation>
	<folder></folder>
	<filename>07dfa70d0dfdf4e8_jpg.rf.b7d9815c1e9c4f058f94178369da660d.jpg</filename>
	<path>07dfa70d0dfdf4e8_jpg.rf.b7d9815c1e9c4f058f94178369da660d.jpg</path>
	<source>
		<database>roboflow.ai</database>
	</source>
	<size>
		<width>416</width>
		<height>416</height>
		<depth>3</depth>
	</size>
	<segmented>0</segmented>
	<object>
		<name>Ambulance</name>
		<pose>Unspecified</pose>
		<truncated>0</truncated>
		<difficult>0</difficult>
		<occluded>0</occluded>
		<bndbox>
			<xmin>16</xmin>
			<xmax>62</xmax>
			<ymin>165</ymin>
			<ymax>238</ymax>
		</bndbox>
	</object>
	<object>
		<name>Ambulance</name>
		<pose>Unspecified</pose>
		<truncated>0</truncated>
		<difficult>0</difficult>
		<occluded>0</occluded>
		<bndbox>
			<xmin>41</xmin>
			<xmax>97</xmax>
			<ymin>163</ymin>
			<ymax>251</ymax>
		</bndbox>
	</object>
	<object>
		<name>Ambulance</name>
		<pose>Unspecified</pose>
		<truncated>0</truncated>
		<difficult>0</difficult>
		<occluded>0</occluded>
		<bndbox>
			<xmin>78</xmin>
			<xmax>137</xmax>
			<ymin>163</ymin>
			<ymax>264</ymax>
		</bndbox>
	</object>
	<object>
		<name>Ambulance</name>
		<pose>Unspecified</pose>
		<truncated>0</truncated>
		<difficult>0</difficult>
		<occluded>0</occluded>
		<bndbox>
			<xmin>113</xmin>
			<xmax>205</xmax>
			<ymin>160</ymin>
			<ymax>284</ymax>
		</bndbox>
	</object>
	<object>
		<name>Ambulance</name>
		<pose>Unspecified</pose>
		<truncated>0</truncated>
		<difficult>0</difficult>
		<occluded>0</occluded>
		<bndbox>
			<xmin>185</xmin>
			<xmax>275</xmax>
			<ymin>163</ymin>
			<ymax>323</ymax>
		</bndbox>
	</object>
</annotation>
