<annotation>
	<folder></folder>
	<filename>080a59534ba7d557_jpg.rf.6aab4634f312d0db7fd8a02a842bbacd.jpg</filename>
	<path>080a59534ba7d557_jpg.rf.6aab4634f312d0db7fd8a02a842bbacd.jpg</path>
	<source>
		<database>roboflow.ai</database>
	</source>
	<size>
		<width>416</width>
		<height>416</height>
		<depth>3</depth>
	</size>
	<segmented>0</segmented>
	<object>
		<name>Ambulance</name>
		<pose>Unspecified</pose>
		<truncated>0</truncated>
		<difficult>0</difficult>
		<occluded>0</occluded>
		<bndbox>
			<xmin>30</xmin>
			<xmax>391</xmax>
			<ymin>60</ymin>
			<ymax>369</ymax>
		</bndbox>
	</object>
</annotation>
