<annotation>
	<folder></folder>
	<filename>085f98b55ebd3fd7_jpg.rf.994bb1d7c3fc0ef9720f6d842a9d4814.jpg</filename>
	<path>085f98b55ebd3fd7_jpg.rf.994bb1d7c3fc0ef9720f6d842a9d4814.jpg</path>
	<source>
		<database>roboflow.ai</database>
	</source>
	<size>
		<width>416</width>
		<height>416</height>
		<depth>3</depth>
	</size>
	<segmented>0</segmented>
	<object>
		<name>Car</name>
		<pose>Unspecified</pose>
		<truncated>0</truncated>
		<difficult>0</difficult>
		<occluded>0</occluded>
		<bndbox>
			<xmin>45</xmin>
			<xmax>354</xmax>
			<ymin>125</ymin>
			<ymax>326</ymax>
		</bndbox>
	</object>
</annotation>
