<annotation>
	<folder></folder>
	<filename>089cc41a901b2653_jpg.rf.2b2e23c2c7f2fc83b96153de45282ca3.jpg</filename>
	<path>089cc41a901b2653_jpg.rf.2b2e23c2c7f2fc83b96153de45282ca3.jpg</path>
	<source>
		<database>roboflow.ai</database>
	</source>
	<size>
		<width>416</width>
		<height>416</height>
		<depth>3</depth>
	</size>
	<segmented>0</segmented>
	<object>
		<name>Ambulance</name>
		<pose>Unspecified</pose>
		<truncated>0</truncated>
		<difficult>0</difficult>
		<occluded>0</occluded>
		<bndbox>
			<xmin>20</xmin>
			<xmax>49</xmax>
			<ymin>223</ymin>
			<ymax>255</ymax>
		</bndbox>
	</object>
	<object>
		<name>Ambulance</name>
		<pose>Unspecified</pose>
		<truncated>0</truncated>
		<difficult>0</difficult>
		<occluded>0</occluded>
		<bndbox>
			<xmin>125</xmin>
			<xmax>161</xmax>
			<ymin>202</ymin>
			<ymax>259</ymax>
		</bndbox>
	</object>
	<object>
		<name>Ambulance</name>
		<pose>Unspecified</pose>
		<truncated>0</truncated>
		<difficult>0</difficult>
		<occluded>0</occluded>
		<bndbox>
			<xmin>159</xmin>
			<xmax>223</xmax>
			<ymin>182</ymin>
			<ymax>266</ymax>
		</bndbox>
	</object>
</annotation>
