<annotation>
	<folder></folder>
	<filename>08ebb1106c5f4799_jpg.rf.6cc0d132ca6d67e9791ef423fdc0accf.jpg</filename>
	<path>08ebb1106c5f4799_jpg.rf.6cc0d132ca6d67e9791ef423fdc0accf.jpg</path>
	<source>
		<database>roboflow.ai</database>
	</source>
	<size>
		<width>416</width>
		<height>416</height>
		<depth>3</depth>
	</size>
	<segmented>0</segmented>
	<object>
		<name>Ambulance</name>
		<pose>Unspecified</pose>
		<truncated>0</truncated>
		<difficult>0</difficult>
		<occluded>0</occluded>
		<bndbox>
			<xmin>258</xmin>
			<xmax>417</xmax>
			<ymin>105</ymin>
			<ymax>289</ymax>
		</bndbox>
	</object>
</annotation>
