<annotation>
	<folder></folder>
	<filename>0a03d85b3dcb2a1b_jpg.rf.8fe905216278f4ba105b22f491130efc.jpg</filename>
	<path>0a03d85b3dcb2a1b_jpg.rf.8fe905216278f4ba105b22f491130efc.jpg</path>
	<source>
		<database>roboflow.ai</database>
	</source>
	<size>
		<width>416</width>
		<height>416</height>
		<depth>3</depth>
	</size>
	<segmented>0</segmented>
	<object>
		<name>Car</name>
		<pose>Unspecified</pose>
		<truncated>0</truncated>
		<difficult>0</difficult>
		<occluded>0</occluded>
		<bndbox>
			<xmin>1</xmin>
			<xmax>113</xmax>
			<ymin>306</ymin>
			<ymax>417</ymax>
		</bndbox>
	</object>
	<object>
		<name>Car</name>
		<pose>Unspecified</pose>
		<truncated>0</truncated>
		<difficult>0</difficult>
		<occluded>0</occluded>
		<bndbox>
			<xmin>92</xmin>
			<xmax>169</xmax>
			<ymin>195</ymin>
			<ymax>256</ymax>
		</bndbox>
	</object>
</annotation>
