<annotation>
	<folder></folder>
	<filename>0a56ee41a72480bc_jpg.rf.c4ea89a37291ff9b3cc09ef0f90c3587.jpg</filename>
	<path>0a56ee41a72480bc_jpg.rf.c4ea89a37291ff9b3cc09ef0f90c3587.jpg</path>
	<source>
		<database>roboflow.ai</database>
	</source>
	<size>
		<width>416</width>
		<height>416</height>
		<depth>3</depth>
	</size>
	<segmented>0</segmented>
	<object>
		<name>Truck</name>
		<pose>Unspecified</pose>
		<truncated>0</truncated>
		<difficult>0</difficult>
		<occluded>0</occluded>
		<bndbox>
			<xmin>1</xmin>
			<xmax>417</xmax>
			<ymin>215</ymin>
			<ymax>417</ymax>
		</bndbox>
	</object>
</annotation>
