<annotation>
	<folder></folder>
	<filename>0a836954ceeac15f_jpg.rf.bcd5ba3256d72fb204b0be03f64797c4.jpg</filename>
	<path>0a836954ceeac15f_jpg.rf.bcd5ba3256d72fb204b0be03f64797c4.jpg</path>
	<source>
		<database>roboflow.ai</database>
	</source>
	<size>
		<width>416</width>
		<height>416</height>
		<depth>3</depth>
	</size>
	<segmented>0</segmented>
	<object>
		<name>Car</name>
		<pose>Unspecified</pose>
		<truncated>0</truncated>
		<difficult>0</difficult>
		<occluded>0</occluded>
		<bndbox>
			<xmin>9</xmin>
			<xmax>251</xmax>
			<ymin>231</ymin>
			<ymax>361</ymax>
		</bndbox>
	</object>
	<object>
		<name>Car</name>
		<pose>Unspecified</pose>
		<truncated>0</truncated>
		<difficult>0</difficult>
		<occluded>0</occluded>
		<bndbox>
			<xmin>118</xmin>
			<xmax>415</xmax>
			<ymin>384</ymin>
			<ymax>417</ymax>
		</bndbox>
	</object>
	<object>
		<name>Car</name>
		<pose>Unspecified</pose>
		<truncated>0</truncated>
		<difficult>0</difficult>
		<occluded>0</occluded>
		<bndbox>
			<xmin>295</xmin>
			<xmax>417</xmax>
			<ymin>228</ymin>
			<ymax>392</ymax>
		</bndbox>
	</object>
</annotation>
