<annotation>
	<folder></folder>
	<filename>0b35c604f8a87bd0_jpg.rf.49f5054083dcf8019062d9ed8d745558.jpg</filename>
	<path>0b35c604f8a87bd0_jpg.rf.49f5054083dcf8019062d9ed8d745558.jpg</path>
	<source>
		<database>roboflow.ai</database>
	</source>
	<size>
		<width>416</width>
		<height>416</height>
		<depth>3</depth>
	</size>
	<segmented>0</segmented>
	<object>
		<name>Ambulance</name>
		<pose>Unspecified</pose>
		<truncated>0</truncated>
		<difficult>0</difficult>
		<occluded>0</occluded>
		<bndbox>
			<xmin>1</xmin>
			<xmax>146</xmax>
			<ymin>45</ymin>
			<ymax>284</ymax>
		</bndbox>
	</object>
	<object>
		<name>Ambulance</name>
		<pose>Unspecified</pose>
		<truncated>0</truncated>
		<difficult>0</difficult>
		<occluded>0</occluded>
		<bndbox>
			<xmin>2</xmin>
			<xmax>36</xmax>
			<ymin>59</ymin>
			<ymax>131</ymax>
		</bndbox>
	</object>
	<object>
		<name>Ambulance</name>
		<pose>Unspecified</pose>
		<truncated>0</truncated>
		<difficult>0</difficult>
		<occluded>0</occluded>
		<bndbox>
			<xmin>51</xmin>
			<xmax>337</xmax>
			<ymin>18</ymin>
			<ymax>364</ymax>
		</bndbox>
	</object>
</annotation>
