<annotation>
	<folder></folder>
	<filename>0b5890eed288c58e_jpg.rf.06e3c93a2239705a70e44c78dce676b5.jpg</filename>
	<path>0b5890eed288c58e_jpg.rf.06e3c93a2239705a70e44c78dce676b5.jpg</path>
	<source>
		<database>roboflow.ai</database>
	</source>
	<size>
		<width>416</width>
		<height>416</height>
		<depth>3</depth>
	</size>
	<segmented>0</segmented>
	<object>
		<name>Bus</name>
		<pose>Unspecified</pose>
		<truncated>0</truncated>
		<difficult>0</difficult>
		<occluded>0</occluded>
		<bndbox>
			<xmin>1</xmin>
			<xmax>322</xmax>
			<ymin>47</ymin>
			<ymax>416</ymax>
		</bndbox>
	</object>
</annotation>
