<annotation>
	<folder></folder>
	<filename>0ba56949c8eb973e_jpg.rf.a7c8bdf9adaa3d8ff838562bf0fd6a0d.jpg</filename>
	<path>0ba56949c8eb973e_jpg.rf.a7c8bdf9adaa3d8ff838562bf0fd6a0d.jpg</path>
	<source>
		<database>roboflow.ai</database>
	</source>
	<size>
		<width>416</width>
		<height>416</height>
		<depth>3</depth>
	</size>
	<segmented>0</segmented>
	<object>
		<name>Motorcycle</name>
		<pose>Unspecified</pose>
		<truncated>0</truncated>
		<difficult>0</difficult>
		<occluded>0</occluded>
		<bndbox>
			<xmin>107</xmin>
			<xmax>338</xmax>
			<ymin>69</ymin>
			<ymax>252</ymax>
		</bndbox>
	</object>
</annotation>
