<annotation>
	<folder></folder>
	<filename>0c50d905a9db3118_jpg.rf.f7fd2cfc9f696baa32cb7d8a9cb33f64.jpg</filename>
	<path>0c50d905a9db3118_jpg.rf.f7fd2cfc9f696baa32cb7d8a9cb33f64.jpg</path>
	<source>
		<database>roboflow.ai</database>
	</source>
	<size>
		<width>416</width>
		<height>416</height>
		<depth>3</depth>
	</size>
	<segmented>0</segmented>
	<object>
		<name>Truck</name>
		<pose>Unspecified</pose>
		<truncated>0</truncated>
		<difficult>0</difficult>
		<occluded>0</occluded>
		<bndbox>
			<xmin>70</xmin>
			<xmax>163</xmax>
			<ymin>198</ymin>
			<ymax>300</ymax>
		</bndbox>
	</object>
</annotation>
