<annotation>
	<folder></folder>
	<filename>0c5138e15c71f741_jpg.rf.fbd1972672844a58e97c061ab1f7fa22.jpg</filename>
	<path>0c5138e15c71f741_jpg.rf.fbd1972672844a58e97c061ab1f7fa22.jpg</path>
	<source>
		<database>roboflow.ai</database>
	</source>
	<size>
		<width>416</width>
		<height>416</height>
		<depth>3</depth>
	</size>
	<segmented>0</segmented>
	<object>
		<name>Ambulance</name>
		<pose>Unspecified</pose>
		<truncated>0</truncated>
		<difficult>0</difficult>
		<occluded>0</occluded>
		<bndbox>
			<xmin>49</xmin>
			<xmax>401</xmax>
			<ymin>51</ymin>
			<ymax>367</ymax>
		</bndbox>
	</object>
	<object>
		<name>Ambulance</name>
		<pose>Unspecified</pose>
		<truncated>0</truncated>
		<difficult>0</difficult>
		<occluded>0</occluded>
		<bndbox>
			<xmin>396</xmin>
			<xmax>416</xmax>
			<ymin>190</ymin>
			<ymax>346</ymax>
		</bndbox>
	</object>
</annotation>
