<annotation>
	<folder></folder>
	<filename>0ca61e55ccf257ba_jpg.rf.ae252663ccfd4614dfded5e56b60b143.jpg</filename>
	<path>0ca61e55ccf257ba_jpg.rf.ae252663ccfd4614dfded5e56b60b143.jpg</path>
	<source>
		<database>roboflow.ai</database>
	</source>
	<size>
		<width>416</width>
		<height>416</height>
		<depth>3</depth>
	</size>
	<segmented>0</segmented>
	<object>
		<name>Truck</name>
		<pose>Unspecified</pose>
		<truncated>0</truncated>
		<difficult>0</difficult>
		<occluded>0</occluded>
		<bndbox>
			<xmin>289</xmin>
			<xmax>379</xmax>
			<ymin>345</ymin>
			<ymax>403</ymax>
		</bndbox>
	</object>
</annotation>
