<annotation>
	<folder></folder>
	<filename>0d829bbd335fe81c_jpg.rf.070b47e1f4943dbce964d82dfc26cfa6.jpg</filename>
	<path>0d829bbd335fe81c_jpg.rf.070b47e1f4943dbce964d82dfc26cfa6.jpg</path>
	<source>
		<database>roboflow.ai</database>
	</source>
	<size>
		<width>416</width>
		<height>416</height>
		<depth>3</depth>
	</size>
	<segmented>0</segmented>
	<object>
		<name>Bus</name>
		<pose>Unspecified</pose>
		<truncated>0</truncated>
		<difficult>0</difficult>
		<occluded>0</occluded>
		<bndbox>
			<xmin>11</xmin>
			<xmax>411</xmax>
			<ymin>117</ymin>
			<ymax>375</ymax>
		</bndbox>
	</object>
</annotation>
