<annotation>
	<folder></folder>
	<filename>0da0ba0e59845f96_jpg.rf.52e6b750e2ab24d22afe4a8185153a77.jpg</filename>
	<path>0da0ba0e59845f96_jpg.rf.52e6b750e2ab24d22afe4a8185153a77.jpg</path>
	<source>
		<database>roboflow.ai</database>
	</source>
	<size>
		<width>416</width>
		<height>416</height>
		<depth>3</depth>
	</size>
	<segmented>0</segmented>
	<object>
		<name>Car</name>
		<pose>Unspecified</pose>
		<truncated>0</truncated>
		<difficult>0</difficult>
		<occluded>0</occluded>
		<bndbox>
			<xmin>1</xmin>
			<xmax>417</xmax>
			<ymin>1</ymin>
			<ymax>417</ymax>
		</bndbox>
	</object>
</annotation>
