<annotation>
	<folder></folder>
	<filename>0dc6d85a2ba0a534_jpg.rf.dd39dc668f5534cdc298e51081f88b4d.jpg</filename>
	<path>0dc6d85a2ba0a534_jpg.rf.dd39dc668f5534cdc298e51081f88b4d.jpg</path>
	<source>
		<database>roboflow.ai</database>
	</source>
	<size>
		<width>416</width>
		<height>416</height>
		<depth>3</depth>
	</size>
	<segmented>0</segmented>
	<object>
		<name>Motorcycle</name>
		<pose>Unspecified</pose>
		<truncated>0</truncated>
		<difficult>0</difficult>
		<occluded>0</occluded>
		<bndbox>
			<xmin>5</xmin>
			<xmax>395</xmax>
			<ymin>80</ymin>
			<ymax>397</ymax>
		</bndbox>
	</object>
</annotation>
