<annotation>
	<folder></folder>
	<filename>0dddb5e2bc416a16_jpg.rf.7824ca630f439df61d4a5a7a41caa143.jpg</filename>
	<path>0dddb5e2bc416a16_jpg.rf.7824ca630f439df61d4a5a7a41caa143.jpg</path>
	<source>
		<database>roboflow.ai</database>
	</source>
	<size>
		<width>416</width>
		<height>416</height>
		<depth>3</depth>
	</size>
	<segmented>0</segmented>
	<object>
		<name>Ambulance</name>
		<pose>Unspecified</pose>
		<truncated>0</truncated>
		<difficult>0</difficult>
		<occluded>0</occluded>
		<bndbox>
			<xmin>114</xmin>
			<xmax>305</xmax>
			<ymin>114</ymin>
			<ymax>338</ymax>
		</bndbox>
	</object>
</annotation>
