<annotation>
	<folder></folder>
	<filename>0df5a680a412fa0b_jpg.rf.bad662b8e892aac157ce2c4a1b58a19a.jpg</filename>
	<path>0df5a680a412fa0b_jpg.rf.bad662b8e892aac157ce2c4a1b58a19a.jpg</path>
	<source>
		<database>roboflow.ai</database>
	</source>
	<size>
		<width>416</width>
		<height>416</height>
		<depth>3</depth>
	</size>
	<segmented>0</segmented>
	<object>
		<name>Truck</name>
		<pose>Unspecified</pose>
		<truncated>0</truncated>
		<difficult>0</difficult>
		<occluded>0</occluded>
		<bndbox>
			<xmin>23</xmin>
			<xmax>389</xmax>
			<ymin>33</ymin>
			<ymax>406</ymax>
		</bndbox>
	</object>
</annotation>
