<annotation>
	<folder></folder>
	<filename>0ebb654be1697247_jpg.rf.726a0c4e7629a5bc31076d7b7a939919.jpg</filename>
	<path>0ebb654be1697247_jpg.rf.726a0c4e7629a5bc31076d7b7a939919.jpg</path>
	<source>
		<database>roboflow.ai</database>
	</source>
	<size>
		<width>416</width>
		<height>416</height>
		<depth>3</depth>
	</size>
	<segmented>0</segmented>
	<object>
		<name>Ambulance</name>
		<pose>Unspecified</pose>
		<truncated>0</truncated>
		<difficult>0</difficult>
		<occluded>0</occluded>
		<bndbox>
			<xmin>101</xmin>
			<xmax>294</xmax>
			<ymin>122</ymin>
			<ymax>266</ymax>
		</bndbox>
	</object>
</annotation>
