<annotation>
	<folder></folder>
	<filename>0f26dd755f4b5ab6_jpg.rf.8a07b7c0688669b66d1d98d49d931908.jpg</filename>
	<path>0f26dd755f4b5ab6_jpg.rf.8a07b7c0688669b66d1d98d49d931908.jpg</path>
	<source>
		<database>roboflow.ai</database>
	</source>
	<size>
		<width>416</width>
		<height>416</height>
		<depth>3</depth>
	</size>
	<segmented>0</segmented>
	<object>
		<name>Motorcycle</name>
		<pose>Unspecified</pose>
		<truncated>0</truncated>
		<difficult>0</difficult>
		<occluded>0</occluded>
		<bndbox>
			<xmin>1</xmin>
			<xmax>370</xmax>
			<ymin>70</ymin>
			<ymax>417</ymax>
		</bndbox>
	</object>
</annotation>
