<annotation>
	<folder></folder>
	<filename>0f7f3b82ff9db6e8_jpg.rf.55fc681b986a9c6e1c561b40318e97d2.jpg</filename>
	<path>0f7f3b82ff9db6e8_jpg.rf.55fc681b986a9c6e1c561b40318e97d2.jpg</path>
	<source>
		<database>roboflow.ai</database>
	</source>
	<size>
		<width>416</width>
		<height>416</height>
		<depth>3</depth>
	</size>
	<segmented>0</segmented>
	<object>
		<name>Car</name>
		<pose>Unspecified</pose>
		<truncated>0</truncated>
		<difficult>0</difficult>
		<occluded>0</occluded>
		<bndbox>
			<xmin>62</xmin>
			<xmax>382</xmax>
			<ymin>153</ymin>
			<ymax>335</ymax>
		</bndbox>
	</object>
</annotation>
