<annotation>
	<folder></folder>
	<filename>10824aeb7449a206_jpg.rf.cc4df759667b5fd76fc2837a9e1b3235.jpg</filename>
	<path>10824aeb7449a206_jpg.rf.cc4df759667b5fd76fc2837a9e1b3235.jpg</path>
	<source>
		<database>roboflow.ai</database>
	</source>
	<size>
		<width>416</width>
		<height>416</height>
		<depth>3</depth>
	</size>
	<segmented>0</segmented>
	<object>
		<name>Car</name>
		<pose>Unspecified</pose>
		<truncated>0</truncated>
		<difficult>0</difficult>
		<occluded>0</occluded>
		<bndbox>
			<xmin>236</xmin>
			<xmax>300</xmax>
			<ymin>222</ymin>
			<ymax>304</ymax>
		</bndbox>
	</object>
</annotation>
