<annotation>
	<folder></folder>
	<filename>10e8132f183fcc3e_jpg.rf.b70cb5424f9b067b864cbe02fc25f0ad.jpg</filename>
	<path>10e8132f183fcc3e_jpg.rf.b70cb5424f9b067b864cbe02fc25f0ad.jpg</path>
	<source>
		<database>roboflow.ai</database>
	</source>
	<size>
		<width>416</width>
		<height>416</height>
		<depth>3</depth>
	</size>
	<segmented>0</segmented>
	<object>
		<name>Car</name>
		<pose>Unspecified</pose>
		<truncated>0</truncated>
		<difficult>0</difficult>
		<occluded>0</occluded>
		<bndbox>
			<xmin>272</xmin>
			<xmax>417</xmax>
			<ymin>80</ymin>
			<ymax>225</ymax>
		</bndbox>
	</object>
	<object>
		<name>Car</name>
		<pose>Unspecified</pose>
		<truncated>0</truncated>
		<difficult>0</difficult>
		<occluded>0</occluded>
		<bndbox>
			<xmin>282</xmin>
			<xmax>328</xmax>
			<ymin>103</ymin>
			<ymax>135</ymax>
		</bndbox>
	</object>
</annotation>
