<annotation>
	<folder></folder>
	<filename>11b0e2dddc393e74_jpg.rf.163e72286a6c33dd7a306c9a4a01b4fb.jpg</filename>
	<path>11b0e2dddc393e74_jpg.rf.163e72286a6c33dd7a306c9a4a01b4fb.jpg</path>
	<source>
		<database>roboflow.ai</database>
	</source>
	<size>
		<width>416</width>
		<height>416</height>
		<depth>3</depth>
	</size>
	<segmented>0</segmented>
	<object>
		<name>Motorcycle</name>
		<pose>Unspecified</pose>
		<truncated>0</truncated>
		<difficult>0</difficult>
		<occluded>0</occluded>
		<bndbox>
			<xmin>83</xmin>
			<xmax>404</xmax>
			<ymin>1</ymin>
			<ymax>345</ymax>
		</bndbox>
	</object>
</annotation>
