<annotation>
	<folder></folder>
	<filename>1205359f3e1c2930_jpg.rf.ec8b2b86ceb31a1935eb71b64c4ec971.jpg</filename>
	<path>1205359f3e1c2930_jpg.rf.ec8b2b86ceb31a1935eb71b64c4ec971.jpg</path>
	<source>
		<database>roboflow.ai</database>
	</source>
	<size>
		<width>416</width>
		<height>416</height>
		<depth>3</depth>
	</size>
	<segmented>0</segmented>
	<object>
		<name>Truck</name>
		<pose>Unspecified</pose>
		<truncated>0</truncated>
		<difficult>0</difficult>
		<occluded>0</occluded>
		<bndbox>
			<xmin>87</xmin>
			<xmax>176</xmax>
			<ymin>127</ymin>
			<ymax>175</ymax>
		</bndbox>
	</object>
</annotation>
