<annotation>
	<folder></folder>
	<filename>1238d5f7b2820007_jpg.rf.43766ec3a7eb4e18164fb3fd72552793.jpg</filename>
	<path>1238d5f7b2820007_jpg.rf.43766ec3a7eb4e18164fb3fd72552793.jpg</path>
	<source>
		<database>roboflow.ai</database>
	</source>
	<size>
		<width>416</width>
		<height>416</height>
		<depth>3</depth>
	</size>
	<segmented>0</segmented>
	<object>
		<name>Bus</name>
		<pose>Unspecified</pose>
		<truncated>0</truncated>
		<difficult>0</difficult>
		<occluded>0</occluded>
		<bndbox>
			<xmin>54</xmin>
			<xmax>353</xmax>
			<ymin>72</ymin>
			<ymax>327</ymax>
		</bndbox>
	</object>
	<object>
		<name>Bus</name>
		<pose>Unspecified</pose>
		<truncated>0</truncated>
		<difficult>0</difficult>
		<occluded>0</occluded>
		<bndbox>
			<xmin>364</xmin>
			<xmax>385</xmax>
			<ymin>174</ymin>
			<ymax>216</ymax>
		</bndbox>
	</object>
	<object>
		<name>Bus</name>
		<pose>Unspecified</pose>
		<truncated>0</truncated>
		<difficult>0</difficult>
		<occluded>0</occluded>
		<bndbox>
			<xmin>382</xmin>
			<xmax>416</xmax>
			<ymin>167</ymin>
			<ymax>216</ymax>
		</bndbox>
	</object>
</annotation>
