<annotation>
	<folder></folder>
	<filename>13b1404f87507b51_jpg.rf.9474a8f0d6c859dbfa61e93e8abf17bb.jpg</filename>
	<path>13b1404f87507b51_jpg.rf.9474a8f0d6c859dbfa61e93e8abf17bb.jpg</path>
	<source>
		<database>roboflow.ai</database>
	</source>
	<size>
		<width>416</width>
		<height>416</height>
		<depth>3</depth>
	</size>
	<segmented>0</segmented>
	<object>
		<name>Ambulance</name>
		<pose>Unspecified</pose>
		<truncated>0</truncated>
		<difficult>0</difficult>
		<occluded>0</occluded>
		<bndbox>
			<xmin>60</xmin>
			<xmax>399</xmax>
			<ymin>73</ymin>
			<ymax>355</ymax>
		</bndbox>
	</object>
</annotation>
