<annotation>
	<folder></folder>
	<filename>13ea89974fc5e30b_jpg.rf.09b41ca56e030a63c1ff30108879e653.jpg</filename>
	<path>13ea89974fc5e30b_jpg.rf.09b41ca56e030a63c1ff30108879e653.jpg</path>
	<source>
		<database>roboflow.ai</database>
	</source>
	<size>
		<width>416</width>
		<height>416</height>
		<depth>3</depth>
	</size>
	<segmented>0</segmented>
	<object>
		<name>Truck</name>
		<pose>Unspecified</pose>
		<truncated>0</truncated>
		<difficult>0</difficult>
		<occluded>0</occluded>
		<bndbox>
			<xmin>27</xmin>
			<xmax>68</xmax>
			<ymin>185</ymin>
			<ymax>217</ymax>
		</bndbox>
	</object>
	<object>
		<name>Truck</name>
		<pose>Unspecified</pose>
		<truncated>0</truncated>
		<difficult>0</difficult>
		<occluded>0</occluded>
		<bndbox>
			<xmin>249</xmin>
			<xmax>377</xmax>
			<ymin>161</ymin>
			<ymax>220</ymax>
		</bndbox>
	</object>
</annotation>
