<annotation>
	<folder></folder>
	<filename>179795f3d2775d7c_jpg.rf.6729d7379413858101724a41a36d0c59.jpg</filename>
	<path>179795f3d2775d7c_jpg.rf.6729d7379413858101724a41a36d0c59.jpg</path>
	<source>
		<database>roboflow.ai</database>
	</source>
	<size>
		<width>416</width>
		<height>416</height>
		<depth>3</depth>
	</size>
	<segmented>0</segmented>
	<object>
		<name>Bus</name>
		<pose>Unspecified</pose>
		<truncated>0</truncated>
		<difficult>0</difficult>
		<occluded>0</occluded>
		<bndbox>
			<xmin>34</xmin>
			<xmax>188</xmax>
			<ymin>104</ymin>
			<ymax>301</ymax>
		</bndbox>
	</object>
</annotation>
