<annotation>
	<folder></folder>
	<filename>17d99b801acab230_jpg.rf.40a98d84ce8159e0790e9eb927a0eda6.jpg</filename>
	<path>17d99b801acab230_jpg.rf.40a98d84ce8159e0790e9eb927a0eda6.jpg</path>
	<source>
		<database>roboflow.ai</database>
	</source>
	<size>
		<width>416</width>
		<height>416</height>
		<depth>3</depth>
	</size>
	<segmented>0</segmented>
	<object>
		<name>Motorcycle</name>
		<pose>Unspecified</pose>
		<truncated>0</truncated>
		<difficult>0</difficult>
		<occluded>0</occluded>
		<bndbox>
			<xmin>178</xmin>
			<xmax>232</xmax>
			<ymin>179</ymin>
			<ymax>247</ymax>
		</bndbox>
	</object>
</annotation>
