<annotation>
	<folder></folder>
	<filename>1987e409c66239ab_jpg.rf.9f77f5f23a0b3adb8ac47faea3f9f76d.jpg</filename>
	<path>1987e409c66239ab_jpg.rf.9f77f5f23a0b3adb8ac47faea3f9f76d.jpg</path>
	<source>
		<database>roboflow.ai</database>
	</source>
	<size>
		<width>416</width>
		<height>416</height>
		<depth>3</depth>
	</size>
	<segmented>0</segmented>
	<object>
		<name>Car</name>
		<pose>Unspecified</pose>
		<truncated>0</truncated>
		<difficult>0</difficult>
		<occluded>0</occluded>
		<bndbox>
			<xmin>1</xmin>
			<xmax>90</xmax>
			<ymin>35</ymin>
			<ymax>153</ymax>
		</bndbox>
	</object>
	<object>
		<name>Car</name>
		<pose>Unspecified</pose>
		<truncated>0</truncated>
		<difficult>0</difficult>
		<occluded>0</occluded>
		<bndbox>
			<xmin>21</xmin>
			<xmax>402</xmax>
			<ymin>59</ymin>
			<ymax>315</ymax>
		</bndbox>
	</object>
</annotation>
