<annotation>
	<folder></folder>
	<filename>19ed71affe514276_jpg.rf.8798c64c9872a02e22e834ab1a9fb95d.jpg</filename>
	<path>19ed71affe514276_jpg.rf.8798c64c9872a02e22e834ab1a9fb95d.jpg</path>
	<source>
		<database>roboflow.ai</database>
	</source>
	<size>
		<width>416</width>
		<height>416</height>
		<depth>3</depth>
	</size>
	<segmented>0</segmented>
	<object>
		<name>Truck</name>
		<pose>Unspecified</pose>
		<truncated>0</truncated>
		<difficult>0</difficult>
		<occluded>0</occluded>
		<bndbox>
			<xmin>25</xmin>
			<xmax>385</xmax>
			<ymin>126</ymin>
			<ymax>348</ymax>
		</bndbox>
	</object>
</annotation>
