<annotation>
	<folder></folder>
	<filename>1b43e569dfb2d630_jpg.rf.608d5aaccc7896e1b69589e175924e30.jpg</filename>
	<path>1b43e569dfb2d630_jpg.rf.608d5aaccc7896e1b69589e175924e30.jpg</path>
	<source>
		<database>roboflow.ai</database>
	</source>
	<size>
		<width>416</width>
		<height>416</height>
		<depth>3</depth>
	</size>
	<segmented>0</segmented>
	<object>
		<name>Car</name>
		<pose>Unspecified</pose>
		<truncated>0</truncated>
		<difficult>0</difficult>
		<occluded>0</occluded>
		<bndbox>
			<xmin>259</xmin>
			<xmax>326</xmax>
			<ymin>94</ymin>
			<ymax>151</ymax>
		</bndbox>
	</object>
	<object>
		<name>Car</name>
		<pose>Unspecified</pose>
		<truncated>0</truncated>
		<difficult>0</difficult>
		<occluded>0</occluded>
		<bndbox>
			<xmin>328</xmin>
			<xmax>410</xmax>
			<ymin>96</ymin>
			<ymax>161</ymax>
		</bndbox>
	</object>
</annotation>
