<annotation>
	<folder></folder>
	<filename>1b9c5720266a6140_jpg.rf.15c9ba61b873dce4174581a746d87b59.jpg</filename>
	<path>1b9c5720266a6140_jpg.rf.15c9ba61b873dce4174581a746d87b59.jpg</path>
	<source>
		<database>roboflow.ai</database>
	</source>
	<size>
		<width>416</width>
		<height>416</height>
		<depth>3</depth>
	</size>
	<segmented>0</segmented>
	<object>
		<name>Ambulance</name>
		<pose>Unspecified</pose>
		<truncated>0</truncated>
		<difficult>0</difficult>
		<occluded>0</occluded>
		<bndbox>
			<xmin>1</xmin>
			<xmax>224</xmax>
			<ymin>10</ymin>
			<ymax>372</ymax>
		</bndbox>
	</object>
</annotation>
