<annotation>
	<folder></folder>
	<filename>1c64bff45216007f_jpg.rf.26ed073202367d6557a56663e3fbd115.jpg</filename>
	<path>1c64bff45216007f_jpg.rf.26ed073202367d6557a56663e3fbd115.jpg</path>
	<source>
		<database>roboflow.ai</database>
	</source>
	<size>
		<width>416</width>
		<height>416</height>
		<depth>3</depth>
	</size>
	<segmented>0</segmented>
	<object>
		<name>Truck</name>
		<pose>Unspecified</pose>
		<truncated>0</truncated>
		<difficult>0</difficult>
		<occluded>0</occluded>
		<bndbox>
			<xmin>46</xmin>
			<xmax>403</xmax>
			<ymin>59</ymin>
			<ymax>356</ymax>
		</bndbox>
	</object>
</annotation>
