<annotation>
	<folder></folder>
	<filename>1ce4f78534c54bc2_jpg.rf.ad120137a95bb40ab8767983263a7914.jpg</filename>
	<path>1ce4f78534c54bc2_jpg.rf.ad120137a95bb40ab8767983263a7914.jpg</path>
	<source>
		<database>roboflow.ai</database>
	</source>
	<size>
		<width>416</width>
		<height>416</height>
		<depth>3</depth>
	</size>
	<segmented>0</segmented>
	<object>
		<name>Bus</name>
		<pose>Unspecified</pose>
		<truncated>0</truncated>
		<difficult>0</difficult>
		<occluded>0</occluded>
		<bndbox>
			<xmin>2</xmin>
			<xmax>416</xmax>
			<ymin>110</ymin>
			<ymax>362</ymax>
		</bndbox>
	</object>
</annotation>
