<annotation>
	<folder></folder>
	<filename>1d26ac4c9e98acc1_jpg.rf.bcf64489b9c386403400f43c52c6e0bc.jpg</filename>
	<path>1d26ac4c9e98acc1_jpg.rf.bcf64489b9c386403400f43c52c6e0bc.jpg</path>
	<source>
		<database>roboflow.ai</database>
	</source>
	<size>
		<width>416</width>
		<height>416</height>
		<depth>3</depth>
	</size>
	<segmented>0</segmented>
	<object>
		<name>Motorcycle</name>
		<pose>Unspecified</pose>
		<truncated>0</truncated>
		<difficult>0</difficult>
		<occluded>0</occluded>
		<bndbox>
			<xmin>49</xmin>
			<xmax>360</xmax>
			<ymin>112</ymin>
			<ymax>385</ymax>
		</bndbox>
	</object>
</annotation>
