<annotation>
	<folder></folder>
	<filename>1d3c0507e127f1ea_jpg.rf.d9954e6ab890e739173ef84afd063ebd.jpg</filename>
	<path>1d3c0507e127f1ea_jpg.rf.d9954e6ab890e739173ef84afd063ebd.jpg</path>
	<source>
		<database>roboflow.ai</database>
	</source>
	<size>
		<width>416</width>
		<height>416</height>
		<depth>3</depth>
	</size>
	<segmented>0</segmented>
	<object>
		<name>Motorcycle</name>
		<pose>Unspecified</pose>
		<truncated>0</truncated>
		<difficult>0</difficult>
		<occluded>0</occluded>
		<bndbox>
			<xmin>124</xmin>
			<xmax>352</xmax>
			<ymin>191</ymin>
			<ymax>417</ymax>
		</bndbox>
	</object>
</annotation>
