<annotation>
	<folder></folder>
	<filename>1dbc8d811c800ef7_jpg.rf.a8d6fb8150c41023d1b8d3c4c88ec754.jpg</filename>
	<path>1dbc8d811c800ef7_jpg.rf.a8d6fb8150c41023d1b8d3c4c88ec754.jpg</path>
	<source>
		<database>roboflow.ai</database>
	</source>
	<size>
		<width>416</width>
		<height>416</height>
		<depth>3</depth>
	</size>
	<segmented>0</segmented>
	<object>
		<name>Ambulance</name>
		<pose>Unspecified</pose>
		<truncated>0</truncated>
		<difficult>0</difficult>
		<occluded>0</occluded>
		<bndbox>
			<xmin>22</xmin>
			<xmax>399</xmax>
			<ymin>21</ymin>
			<ymax>357</ymax>
		</bndbox>
	</object>
</annotation>
