<annotation>
	<folder></folder>
	<filename>1e668423ae32ce6f_jpg.rf.b5419ca17ca46c8109c239881f34d0d7.jpg</filename>
	<path>1e668423ae32ce6f_jpg.rf.b5419ca17ca46c8109c239881f34d0d7.jpg</path>
	<source>
		<database>roboflow.ai</database>
	</source>
	<size>
		<width>416</width>
		<height>416</height>
		<depth>3</depth>
	</size>
	<segmented>0</segmented>
	<object>
		<name>Car</name>
		<pose>Unspecified</pose>
		<truncated>0</truncated>
		<difficult>0</difficult>
		<occluded>0</occluded>
		<bndbox>
			<xmin>1</xmin>
			<xmax>81</xmax>
			<ymin>55</ymin>
			<ymax>223</ymax>
		</bndbox>
	</object>
	<object>
		<name>Car</name>
		<pose>Unspecified</pose>
		<truncated>0</truncated>
		<difficult>0</difficult>
		<occluded>0</occluded>
		<bndbox>
			<xmin>1</xmin>
			<xmax>122</xmax>
			<ymin>1</ymin>
			<ymax>77</ymax>
		</bndbox>
	</object>
	<object>
		<name>Car</name>
		<pose>Unspecified</pose>
		<truncated>0</truncated>
		<difficult>0</difficult>
		<occluded>0</occluded>
		<bndbox>
			<xmin>36</xmin>
			<xmax>408</xmax>
			<ymin>61</ymin>
			<ymax>368</ymax>
		</bndbox>
	</object>
</annotation>
