<annotation>
	<folder></folder>
	<filename>1f0ce568a7da5d78_jpg.rf.d0161eeefaf7729a5a718e59a86c29da.jpg</filename>
	<path>1f0ce568a7da5d78_jpg.rf.d0161eeefaf7729a5a718e59a86c29da.jpg</path>
	<source>
		<database>roboflow.ai</database>
	</source>
	<size>
		<width>416</width>
		<height>416</height>
		<depth>3</depth>
	</size>
	<segmented>0</segmented>
	<object>
		<name>Car</name>
		<pose>Unspecified</pose>
		<truncated>0</truncated>
		<difficult>0</difficult>
		<occluded>0</occluded>
		<bndbox>
			<xmin>252</xmin>
			<xmax>398</xmax>
			<ymin>102</ymin>
			<ymax>172</ymax>
		</bndbox>
	</object>
</annotation>
