<annotation>
	<folder></folder>
	<filename>1fc8576317033787_jpg.rf.891d5dcf624c2eb217f559a0daa80494.jpg</filename>
	<path>1fc8576317033787_jpg.rf.891d5dcf624c2eb217f559a0daa80494.jpg</path>
	<source>
		<database>roboflow.ai</database>
	</source>
	<size>
		<width>416</width>
		<height>416</height>
		<depth>3</depth>
	</size>
	<segmented>0</segmented>
	<object>
		<name>Ambulance</name>
		<pose>Unspecified</pose>
		<truncated>0</truncated>
		<difficult>0</difficult>
		<occluded>0</occluded>
		<bndbox>
			<xmin>1</xmin>
			<xmax>74</xmax>
			<ymin>243</ymin>
			<ymax>336</ymax>
		</bndbox>
	</object>
	<object>
		<name>Ambulance</name>
		<pose>Unspecified</pose>
		<truncated>0</truncated>
		<difficult>0</difficult>
		<occluded>0</occluded>
		<bndbox>
			<xmin>174</xmin>
			<xmax>268</xmax>
			<ymin>214</ymin>
			<ymax>321</ymax>
		</bndbox>
	</object>
</annotation>
