<annotation>
	<folder></folder>
	<filename>1fd80240046ef704_jpg.rf.d642375f228c5d3bd7159fd3f7af3209.jpg</filename>
	<path>1fd80240046ef704_jpg.rf.d642375f228c5d3bd7159fd3f7af3209.jpg</path>
	<source>
		<database>roboflow.ai</database>
	</source>
	<size>
		<width>416</width>
		<height>416</height>
		<depth>3</depth>
	</size>
	<segmented>0</segmented>
	<object>
		<name>Bus</name>
		<pose>Unspecified</pose>
		<truncated>0</truncated>
		<difficult>0</difficult>
		<occluded>0</occluded>
		<bndbox>
			<xmin>351</xmin>
			<xmax>417</xmax>
			<ymin>329</ymin>
			<ymax>417</ymax>
		</bndbox>
	</object>
</annotation>
