<annotation>
	<folder></folder>
	<filename>20514cfccbb4a2ab_jpg.rf.bff4eea6d8e90283a425730338a57715.jpg</filename>
	<path>20514cfccbb4a2ab_jpg.rf.bff4eea6d8e90283a425730338a57715.jpg</path>
	<source>
		<database>roboflow.ai</database>
	</source>
	<size>
		<width>416</width>
		<height>416</height>
		<depth>3</depth>
	</size>
	<segmented>0</segmented>
	<object>
		<name>Bus</name>
		<pose>Unspecified</pose>
		<truncated>0</truncated>
		<difficult>0</difficult>
		<occluded>0</occluded>
		<bndbox>
			<xmin>90</xmin>
			<xmax>408</xmax>
			<ymin>28</ymin>
			<ymax>381</ymax>
		</bndbox>
	</object>
</annotation>
