<annotation>
	<folder></folder>
	<filename>20c199ea745dd0de_jpg.rf.235289ed268c47c46d74bfbc4d071f09.jpg</filename>
	<path>20c199ea745dd0de_jpg.rf.235289ed268c47c46d74bfbc4d071f09.jpg</path>
	<source>
		<database>roboflow.ai</database>
	</source>
	<size>
		<width>416</width>
		<height>416</height>
		<depth>3</depth>
	</size>
	<segmented>0</segmented>
	<object>
		<name>Ambulance</name>
		<pose>Unspecified</pose>
		<truncated>0</truncated>
		<difficult>0</difficult>
		<occluded>0</occluded>
		<bndbox>
			<xmin>1</xmin>
			<xmax>44</xmax>
			<ymin>119</ymin>
			<ymax>282</ymax>
		</bndbox>
	</object>
	<object>
		<name>Ambulance</name>
		<pose>Unspecified</pose>
		<truncated>0</truncated>
		<difficult>0</difficult>
		<occluded>0</occluded>
		<bndbox>
			<xmin>28</xmin>
			<xmax>390</xmax>
			<ymin>58</ymin>
			<ymax>416</ymax>
		</bndbox>
	</object>
	<object>
		<name>Ambulance</name>
		<pose>Unspecified</pose>
		<truncated>0</truncated>
		<difficult>0</difficult>
		<occluded>0</occluded>
		<bndbox>
			<xmin>256</xmin>
			<xmax>417</xmax>
			<ymin>92</ymin>
			<ymax>305</ymax>
		</bndbox>
	</object>
</annotation>
