<annotation>
	<folder></folder>
	<filename>20db335ae6d55102_jpg.rf.6b176cd083568720bc90caf5c0e3b42a.jpg</filename>
	<path>20db335ae6d55102_jpg.rf.6b176cd083568720bc90caf5c0e3b42a.jpg</path>
	<source>
		<database>roboflow.ai</database>
	</source>
	<size>
		<width>416</width>
		<height>416</height>
		<depth>3</depth>
	</size>
	<segmented>0</segmented>
	<object>
		<name>Car</name>
		<pose>Unspecified</pose>
		<truncated>0</truncated>
		<difficult>0</difficult>
		<occluded>0</occluded>
		<bndbox>
			<xmin>97</xmin>
			<xmax>293</xmax>
			<ymin>147</ymin>
			<ymax>298</ymax>
		</bndbox>
	</object>
</annotation>
