<annotation>
	<folder></folder>
	<filename>210112c7c8085350_jpg.rf.be6e0694bc002b555eea4c3e21836af0.jpg</filename>
	<path>210112c7c8085350_jpg.rf.be6e0694bc002b555eea4c3e21836af0.jpg</path>
	<source>
		<database>roboflow.ai</database>
	</source>
	<size>
		<width>416</width>
		<height>416</height>
		<depth>3</depth>
	</size>
	<segmented>0</segmented>
	<object>
		<name>Truck</name>
		<pose>Unspecified</pose>
		<truncated>0</truncated>
		<difficult>0</difficult>
		<occluded>0</occluded>
		<bndbox>
			<xmin>40</xmin>
			<xmax>379</xmax>
			<ymin>44</ymin>
			<ymax>381</ymax>
		</bndbox>
	</object>
</annotation>
