<annotation>
	<folder></folder>
	<filename>230823605bf60c37_jpg.rf.13fa9fd310eff5ac62c051a137870e8a.jpg</filename>
	<path>230823605bf60c37_jpg.rf.13fa9fd310eff5ac62c051a137870e8a.jpg</path>
	<source>
		<database>roboflow.ai</database>
	</source>
	<size>
		<width>416</width>
		<height>416</height>
		<depth>3</depth>
	</size>
	<segmented>0</segmented>
	<object>
		<name>Ambulance</name>
		<pose>Unspecified</pose>
		<truncated>0</truncated>
		<difficult>0</difficult>
		<occluded>0</occluded>
		<bndbox>
			<xmin>35</xmin>
			<xmax>390</xmax>
			<ymin>34</ymin>
			<ymax>393</ymax>
		</bndbox>
	</object>
	<object>
		<name>Ambulance</name>
		<pose>Unspecified</pose>
		<truncated>0</truncated>
		<difficult>0</difficult>
		<occluded>0</occluded>
		<bndbox>
			<xmin>293</xmin>
			<xmax>414</xmax>
			<ymin>90</ymin>
			<ymax>254</ymax>
		</bndbox>
	</object>
</annotation>
