<annotation>
	<folder></folder>
	<filename>2313abe44eba9354_jpg.rf.85910f7fb973e6077ffdb957de17f4bd.jpg</filename>
	<path>2313abe44eba9354_jpg.rf.85910f7fb973e6077ffdb957de17f4bd.jpg</path>
	<source>
		<database>roboflow.ai</database>
	</source>
	<size>
		<width>416</width>
		<height>416</height>
		<depth>3</depth>
	</size>
	<segmented>0</segmented>
	<object>
		<name>Truck</name>
		<pose>Unspecified</pose>
		<truncated>0</truncated>
		<difficult>0</difficult>
		<occluded>0</occluded>
		<bndbox>
			<xmin>6</xmin>
			<xmax>51</xmax>
			<ymin>252</ymin>
			<ymax>302</ymax>
		</bndbox>
	</object>
</annotation>
