<annotation>
	<folder></folder>
	<filename>2364e615592f1fe0_jpg.rf.0779b256925071912e3e7105259fe549.jpg</filename>
	<path>2364e615592f1fe0_jpg.rf.0779b256925071912e3e7105259fe549.jpg</path>
	<source>
		<database>roboflow.ai</database>
	</source>
	<size>
		<width>416</width>
		<height>416</height>
		<depth>3</depth>
	</size>
	<segmented>0</segmented>
	<object>
		<name>Bus</name>
		<pose>Unspecified</pose>
		<truncated>0</truncated>
		<difficult>0</difficult>
		<occluded>0</occluded>
		<bndbox>
			<xmin>27</xmin>
			<xmax>332</xmax>
			<ymin>31</ymin>
			<ymax>391</ymax>
		</bndbox>
	</object>
</annotation>
