<annotation>
	<folder></folder>
	<filename>239ec3953a0b0bb0_jpg.rf.0eaf94d8fa500023d6c8cd2671f4cb85.jpg</filename>
	<path>239ec3953a0b0bb0_jpg.rf.0eaf94d8fa500023d6c8cd2671f4cb85.jpg</path>
	<source>
		<database>roboflow.ai</database>
	</source>
	<size>
		<width>416</width>
		<height>416</height>
		<depth>3</depth>
	</size>
	<segmented>0</segmented>
	<object>
		<name>Truck</name>
		<pose>Unspecified</pose>
		<truncated>0</truncated>
		<difficult>0</difficult>
		<occluded>0</occluded>
		<bndbox>
			<xmin>31</xmin>
			<xmax>373</xmax>
			<ymin>83</ymin>
			<ymax>360</ymax>
		</bndbox>
	</object>
</annotation>
