<annotation>
	<folder></folder>
	<filename>25ceb16e759fbc8e_jpg.rf.cbc912e9ccf3b4131842676464885d7b.jpg</filename>
	<path>25ceb16e759fbc8e_jpg.rf.cbc912e9ccf3b4131842676464885d7b.jpg</path>
	<source>
		<database>roboflow.ai</database>
	</source>
	<size>
		<width>416</width>
		<height>416</height>
		<depth>3</depth>
	</size>
	<segmented>0</segmented>
	<object>
		<name>Motorcycle</name>
		<pose>Unspecified</pose>
		<truncated>0</truncated>
		<difficult>0</difficult>
		<occluded>0</occluded>
		<bndbox>
			<xmin>69</xmin>
			<xmax>180</xmax>
			<ymin>164</ymin>
			<ymax>271</ymax>
		</bndbox>
	</object>
	<object>
		<name>Motorcycle</name>
		<pose>Unspecified</pose>
		<truncated>0</truncated>
		<difficult>0</difficult>
		<occluded>0</occluded>
		<bndbox>
			<xmin>222</xmin>
			<xmax>280</xmax>
			<ymin>192</ymin>
			<ymax>269</ymax>
		</bndbox>
	</object>
</annotation>
