<annotation>
	<folder></folder>
	<filename>26263aba764cf3ed_jpg.rf.7fcf7ee86d988a1a22034862a00ddcf6.jpg</filename>
	<path>26263aba764cf3ed_jpg.rf.7fcf7ee86d988a1a22034862a00ddcf6.jpg</path>
	<source>
		<database>roboflow.ai</database>
	</source>
	<size>
		<width>416</width>
		<height>416</height>
		<depth>3</depth>
	</size>
	<segmented>0</segmented>
	<object>
		<name>Car</name>
		<pose>Unspecified</pose>
		<truncated>0</truncated>
		<difficult>0</difficult>
		<occluded>0</occluded>
		<bndbox>
			<xmin>1</xmin>
			<xmax>100</xmax>
			<ymin>15</ymin>
			<ymax>162</ymax>
		</bndbox>
	</object>
	<object>
		<name>Car</name>
		<pose>Unspecified</pose>
		<truncated>0</truncated>
		<difficult>0</difficult>
		<occluded>0</occluded>
		<bndbox>
			<xmin>42</xmin>
			<xmax>104</xmax>
			<ymin>4</ymin>
			<ymax>80</ymax>
		</bndbox>
	</object>
	<object>
		<name>Car</name>
		<pose>Unspecified</pose>
		<truncated>0</truncated>
		<difficult>0</difficult>
		<occluded>0</occluded>
		<bndbox>
			<xmin>61</xmin>
			<xmax>390</xmax>
			<ymin>1</ymin>
			<ymax>417</ymax>
		</bndbox>
	</object>
</annotation>
