<annotation>
	<folder></folder>
	<filename>26513c95488eebdd_jpg.rf.9ae24fea70253c5b765aaae9f0855f57.jpg</filename>
	<path>26513c95488eebdd_jpg.rf.9ae24fea70253c5b765aaae9f0855f57.jpg</path>
	<source>
		<database>roboflow.ai</database>
	</source>
	<size>
		<width>416</width>
		<height>416</height>
		<depth>3</depth>
	</size>
	<segmented>0</segmented>
	<object>
		<name>Truck</name>
		<pose>Unspecified</pose>
		<truncated>0</truncated>
		<difficult>0</difficult>
		<occluded>0</occluded>
		<bndbox>
			<xmin>27</xmin>
			<xmax>325</xmax>
			<ymin>43</ymin>
			<ymax>357</ymax>
		</bndbox>
	</object>
</annotation>
