<annotation>
	<folder></folder>
	<filename>26775ec6cdcdbc9d_jpg.rf.f6b8bf1ad93f65d6a666c1112f001994.jpg</filename>
	<path>26775ec6cdcdbc9d_jpg.rf.f6b8bf1ad93f65d6a666c1112f001994.jpg</path>
	<source>
		<database>roboflow.ai</database>
	</source>
	<size>
		<width>416</width>
		<height>416</height>
		<depth>3</depth>
	</size>
	<segmented>0</segmented>
	<object>
		<name>Truck</name>
		<pose>Unspecified</pose>
		<truncated>0</truncated>
		<difficult>0</difficult>
		<occluded>0</occluded>
		<bndbox>
			<xmin>13</xmin>
			<xmax>403</xmax>
			<ymin>69</ymin>
			<ymax>359</ymax>
		</bndbox>
	</object>
</annotation>
