<annotation>
	<folder></folder>
	<filename>26a70b16b74ea019_jpg.rf.f24a87707cbd10c3cbf2d24f4cbba87b.jpg</filename>
	<path>26a70b16b74ea019_jpg.rf.f24a87707cbd10c3cbf2d24f4cbba87b.jpg</path>
	<source>
		<database>roboflow.ai</database>
	</source>
	<size>
		<width>416</width>
		<height>416</height>
		<depth>3</depth>
	</size>
	<segmented>0</segmented>
	<object>
		<name>Ambulance</name>
		<pose>Unspecified</pose>
		<truncated>0</truncated>
		<difficult>0</difficult>
		<occluded>0</occluded>
		<bndbox>
			<xmin>114</xmin>
			<xmax>363</xmax>
			<ymin>96</ymin>
			<ymax>347</ymax>
		</bndbox>
	</object>
</annotation>
