<annotation>
	<folder></folder>
	<filename>28d3c263a66b08f5_jpg.rf.52a8ace0f23c4eafc19c202d9538b84b.jpg</filename>
	<path>28d3c263a66b08f5_jpg.rf.52a8ace0f23c4eafc19c202d9538b84b.jpg</path>
	<source>
		<database>roboflow.ai</database>
	</source>
	<size>
		<width>416</width>
		<height>416</height>
		<depth>3</depth>
	</size>
	<segmented>0</segmented>
	<object>
		<name>Motorcycle</name>
		<pose>Unspecified</pose>
		<truncated>0</truncated>
		<difficult>0</difficult>
		<occluded>0</occluded>
		<bndbox>
			<xmin>235</xmin>
			<xmax>350</xmax>
			<ymin>308</ymin>
			<ymax>358</ymax>
		</bndbox>
	</object>
</annotation>
