<annotation>
	<folder></folder>
	<filename>28e0b4c029d15510_jpg.rf.a9c4353d594b4223aeb0f91d1625578a.jpg</filename>
	<path>28e0b4c029d15510_jpg.rf.a9c4353d594b4223aeb0f91d1625578a.jpg</path>
	<source>
		<database>roboflow.ai</database>
	</source>
	<size>
		<width>416</width>
		<height>416</height>
		<depth>3</depth>
	</size>
	<segmented>0</segmented>
	<object>
		<name>Car</name>
		<pose>Unspecified</pose>
		<truncated>0</truncated>
		<difficult>0</difficult>
		<occluded>0</occluded>
		<bndbox>
			<xmin>11</xmin>
			<xmax>220</xmax>
			<ymin>307</ymin>
			<ymax>406</ymax>
		</bndbox>
	</object>
	<object>
		<name>Car</name>
		<pose>Unspecified</pose>
		<truncated>0</truncated>
		<difficult>0</difficult>
		<occluded>0</occluded>
		<bndbox>
			<xmin>374</xmin>
			<xmax>417</xmax>
			<ymin>320</ymin>
			<ymax>364</ymax>
		</bndbox>
	</object>
</annotation>
