<annotation>
	<folder></folder>
	<filename>28ed22d3254867a6_jpg.rf.2644f9be8f00339b361fb9db8de76cf0.jpg</filename>
	<path>28ed22d3254867a6_jpg.rf.2644f9be8f00339b361fb9db8de76cf0.jpg</path>
	<source>
		<database>roboflow.ai</database>
	</source>
	<size>
		<width>416</width>
		<height>416</height>
		<depth>3</depth>
	</size>
	<segmented>0</segmented>
	<object>
		<name>Truck</name>
		<pose>Unspecified</pose>
		<truncated>0</truncated>
		<difficult>0</difficult>
		<occluded>0</occluded>
		<bndbox>
			<xmin>108</xmin>
			<xmax>185</xmax>
			<ymin>224</ymin>
			<ymax>271</ymax>
		</bndbox>
	</object>
</annotation>
