<annotation>
	<folder></folder>
	<filename>29d4a1543ff5d6c0_jpg.rf.991d3fbca899877846f50a91322179dc.jpg</filename>
	<path>29d4a1543ff5d6c0_jpg.rf.991d3fbca899877846f50a91322179dc.jpg</path>
	<source>
		<database>roboflow.ai</database>
	</source>
	<size>
		<width>416</width>
		<height>416</height>
		<depth>3</depth>
	</size>
	<segmented>0</segmented>
	<object>
		<name>Car</name>
		<pose>Unspecified</pose>
		<truncated>0</truncated>
		<difficult>0</difficult>
		<occluded>0</occluded>
		<bndbox>
			<xmin>1</xmin>
			<xmax>390</xmax>
			<ymin>71</ymin>
			<ymax>367</ymax>
		</bndbox>
	</object>
</annotation>
