<annotation>
	<folder></folder>
	<filename>2a565728597f77d4_jpg.rf.3587b826dccdc2f204d1c7475ac7e0c6.jpg</filename>
	<path>2a565728597f77d4_jpg.rf.3587b826dccdc2f204d1c7475ac7e0c6.jpg</path>
	<source>
		<database>roboflow.ai</database>
	</source>
	<size>
		<width>416</width>
		<height>416</height>
		<depth>3</depth>
	</size>
	<segmented>0</segmented>
	<object>
		<name>Truck</name>
		<pose>Unspecified</pose>
		<truncated>0</truncated>
		<difficult>0</difficult>
		<occluded>0</occluded>
		<bndbox>
			<xmin>30</xmin>
			<xmax>398</xmax>
			<ymin>122</ymin>
			<ymax>343</ymax>
		</bndbox>
	</object>
</annotation>
