<annotation>
	<folder></folder>
	<filename>2b06ed2955aa861d_jpg.rf.d675c7ff9d811146dfb64e5b8a3d583b.jpg</filename>
	<path>2b06ed2955aa861d_jpg.rf.d675c7ff9d811146dfb64e5b8a3d583b.jpg</path>
	<source>
		<database>roboflow.ai</database>
	</source>
	<size>
		<width>416</width>
		<height>416</height>
		<depth>3</depth>
	</size>
	<segmented>0</segmented>
	<object>
		<name>Ambulance</name>
		<pose>Unspecified</pose>
		<truncated>0</truncated>
		<difficult>0</difficult>
		<occluded>0</occluded>
		<bndbox>
			<xmin>30</xmin>
			<xmax>377</xmax>
			<ymin>91</ymin>
			<ymax>392</ymax>
		</bndbox>
	</object>
</annotation>
