<annotation>
	<folder></folder>
	<filename>2b9ced539656ae78_jpg.rf.4e0f27d4c836768618f28e11290884de.jpg</filename>
	<path>2b9ced539656ae78_jpg.rf.4e0f27d4c836768618f28e11290884de.jpg</path>
	<source>
		<database>roboflow.ai</database>
	</source>
	<size>
		<width>416</width>
		<height>416</height>
		<depth>3</depth>
	</size>
	<segmented>0</segmented>
	<object>
		<name>Car</name>
		<pose>Unspecified</pose>
		<truncated>0</truncated>
		<difficult>0</difficult>
		<occluded>0</occluded>
		<bndbox>
			<xmin>43</xmin>
			<xmax>163</xmax>
			<ymin>129</ymin>
			<ymax>248</ymax>
		</bndbox>
	</object>
</annotation>
