<annotation>
	<folder></folder>
	<filename>2bc6989e7421dc9d_jpg.rf.bc66cd9ce256d34cc2954aefbb62874a.jpg</filename>
	<path>2bc6989e7421dc9d_jpg.rf.bc66cd9ce256d34cc2954aefbb62874a.jpg</path>
	<source>
		<database>roboflow.ai</database>
	</source>
	<size>
		<width>416</width>
		<height>416</height>
		<depth>3</depth>
	</size>
	<segmented>0</segmented>
	<object>
		<name>Car</name>
		<pose>Unspecified</pose>
		<truncated>0</truncated>
		<difficult>0</difficult>
		<occluded>0</occluded>
		<bndbox>
			<xmin>53</xmin>
			<xmax>414</xmax>
			<ymin>31</ymin>
			<ymax>331</ymax>
		</bndbox>
	</object>
</annotation>
