<annotation>
	<folder></folder>
	<filename>2d8f99d3e1b461fe_jpg.rf.56fafbcad31e089f1dfaffd30f14e9d0.jpg</filename>
	<path>2d8f99d3e1b461fe_jpg.rf.56fafbcad31e089f1dfaffd30f14e9d0.jpg</path>
	<source>
		<database>roboflow.ai</database>
	</source>
	<size>
		<width>416</width>
		<height>416</height>
		<depth>3</depth>
	</size>
	<segmented>0</segmented>
	<object>
		<name>Car</name>
		<pose>Unspecified</pose>
		<truncated>0</truncated>
		<difficult>0</difficult>
		<occluded>0</occluded>
		<bndbox>
			<xmin>8</xmin>
			<xmax>416</xmax>
			<ymin>96</ymin>
			<ymax>341</ymax>
		</bndbox>
	</object>
	<object>
		<name>Car</name>
		<pose>Unspecified</pose>
		<truncated>0</truncated>
		<difficult>0</difficult>
		<occluded>0</occluded>
		<bndbox>
			<xmin>286</xmin>
			<xmax>416</xmax>
			<ymin>73</ymin>
			<ymax>170</ymax>
		</bndbox>
	</object>
</annotation>
