<annotation>
	<folder></folder>
	<filename>2d94e4aa09c1c7de_jpg.rf.da82126be0fc0479337bc2eeefdf0b82.jpg</filename>
	<path>2d94e4aa09c1c7de_jpg.rf.da82126be0fc0479337bc2eeefdf0b82.jpg</path>
	<source>
		<database>roboflow.ai</database>
	</source>
	<size>
		<width>416</width>
		<height>416</height>
		<depth>3</depth>
	</size>
	<segmented>0</segmented>
	<object>
		<name>Motorcycle</name>
		<pose>Unspecified</pose>
		<truncated>0</truncated>
		<difficult>0</difficult>
		<occluded>0</occluded>
		<bndbox>
			<xmin>92</xmin>
			<xmax>140</xmax>
			<ymin>273</ymin>
			<ymax>370</ymax>
		</bndbox>
	</object>
</annotation>
