<annotation>
	<folder></folder>
	<filename>2ddd5c87ecbc6060_jpg.rf.24a330d82de48128cd242644ef4ea6b7.jpg</filename>
	<path>2ddd5c87ecbc6060_jpg.rf.24a330d82de48128cd242644ef4ea6b7.jpg</path>
	<source>
		<database>roboflow.ai</database>
	</source>
	<size>
		<width>416</width>
		<height>416</height>
		<depth>3</depth>
	</size>
	<segmented>0</segmented>
	<object>
		<name>Motorcycle</name>
		<pose>Unspecified</pose>
		<truncated>0</truncated>
		<difficult>0</difficult>
		<occluded>0</occluded>
		<bndbox>
			<xmin>44</xmin>
			<xmax>259</xmax>
			<ymin>254</ymin>
			<ymax>347</ymax>
		</bndbox>
	</object>
</annotation>
