<annotation>
	<folder></folder>
	<filename>2e29dd7285110315_jpg.rf.7f03f0b384f39c71ee67b05700c128e5.jpg</filename>
	<path>2e29dd7285110315_jpg.rf.7f03f0b384f39c71ee67b05700c128e5.jpg</path>
	<source>
		<database>roboflow.ai</database>
	</source>
	<size>
		<width>416</width>
		<height>416</height>
		<depth>3</depth>
	</size>
	<segmented>0</segmented>
	<object>
		<name>Truck</name>
		<pose>Unspecified</pose>
		<truncated>0</truncated>
		<difficult>0</difficult>
		<occluded>0</occluded>
		<bndbox>
			<xmin>20</xmin>
			<xmax>395</xmax>
			<ymin>82</ymin>
			<ymax>349</ymax>
		</bndbox>
	</object>
	<object>
		<name>Truck</name>
		<pose>Unspecified</pose>
		<truncated>0</truncated>
		<difficult>0</difficult>
		<occluded>0</occluded>
		<bndbox>
			<xmin>57</xmin>
			<xmax>75</xmax>
			<ymin>157</ymin>
			<ymax>177</ymax>
		</bndbox>
	</object>
</annotation>
