<annotation>
	<folder></folder>
	<filename>2f84bd4d0f335907_jpg.rf.e2faba3012432cf605cb2ed12f05f3fc.jpg</filename>
	<path>2f84bd4d0f335907_jpg.rf.e2faba3012432cf605cb2ed12f05f3fc.jpg</path>
	<source>
		<database>roboflow.ai</database>
	</source>
	<size>
		<width>416</width>
		<height>416</height>
		<depth>3</depth>
	</size>
	<segmented>0</segmented>
	<object>
		<name>Car</name>
		<pose>Unspecified</pose>
		<truncated>0</truncated>
		<difficult>0</difficult>
		<occluded>0</occluded>
		<bndbox>
			<xmin>1</xmin>
			<xmax>53</xmax>
			<ymin>235</ymin>
			<ymax>283</ymax>
		</bndbox>
	</object>
	<object>
		<name>Car</name>
		<pose>Unspecified</pose>
		<truncated>0</truncated>
		<difficult>0</difficult>
		<occluded>0</occluded>
		<bndbox>
			<xmin>41</xmin>
			<xmax>87</xmax>
			<ymin>231</ymin>
			<ymax>264</ymax>
		</bndbox>
	</object>
</annotation>
