<annotation>
	<folder></folder>
	<filename>302b0d606203f3d2_jpg.rf.57b7d8cb7bce946b88f9c2d8e3604f1f.jpg</filename>
	<path>302b0d606203f3d2_jpg.rf.57b7d8cb7bce946b88f9c2d8e3604f1f.jpg</path>
	<source>
		<database>roboflow.ai</database>
	</source>
	<size>
		<width>416</width>
		<height>416</height>
		<depth>3</depth>
	</size>
	<segmented>0</segmented>
	<object>
		<name>Bus</name>
		<pose>Unspecified</pose>
		<truncated>0</truncated>
		<difficult>0</difficult>
		<occluded>0</occluded>
		<bndbox>
			<xmin>1</xmin>
			<xmax>30</xmax>
			<ymin>189</ymin>
			<ymax>240</ymax>
		</bndbox>
	</object>
	<object>
		<name>Bus</name>
		<pose>Unspecified</pose>
		<truncated>0</truncated>
		<difficult>0</difficult>
		<occluded>0</occluded>
		<bndbox>
			<xmin>63</xmin>
			<xmax>364</xmax>
			<ymin>35</ymin>
			<ymax>340</ymax>
		</bndbox>
	</object>
</annotation>
