<annotation>
	<folder></folder>
	<filename>3061a0dcab735c59_jpg.rf.3e8fb7cae70ca8fd424be620035bb1a2.jpg</filename>
	<path>3061a0dcab735c59_jpg.rf.3e8fb7cae70ca8fd424be620035bb1a2.jpg</path>
	<source>
		<database>roboflow.ai</database>
	</source>
	<size>
		<width>416</width>
		<height>416</height>
		<depth>3</depth>
	</size>
	<segmented>0</segmented>
	<object>
		<name>Car</name>
		<pose>Unspecified</pose>
		<truncated>0</truncated>
		<difficult>0</difficult>
		<occluded>0</occluded>
		<bndbox>
			<xmin>57</xmin>
			<xmax>350</xmax>
			<ymin>136</ymin>
			<ymax>384</ymax>
		</bndbox>
	</object>
</annotation>
