<annotation>
	<folder></folder>
	<filename>307f01bd9b5a07ad_jpg.rf.e7adcc2b5fb65f3bd337afcbf82c73ec.jpg</filename>
	<path>307f01bd9b5a07ad_jpg.rf.e7adcc2b5fb65f3bd337afcbf82c73ec.jpg</path>
	<source>
		<database>roboflow.ai</database>
	</source>
	<size>
		<width>416</width>
		<height>416</height>
		<depth>3</depth>
	</size>
	<segmented>0</segmented>
	<object>
		<name>Motorcycle</name>
		<pose>Unspecified</pose>
		<truncated>0</truncated>
		<difficult>0</difficult>
		<occluded>0</occluded>
		<bndbox>
			<xmin>81</xmin>
			<xmax>134</xmax>
			<ymin>277</ymin>
			<ymax>370</ymax>
		</bndbox>
	</object>
	<object>
		<name>Motorcycle</name>
		<pose>Unspecified</pose>
		<truncated>0</truncated>
		<difficult>0</difficult>
		<occluded>0</occluded>
		<bndbox>
			<xmin>227</xmin>
			<xmax>296</xmax>
			<ymin>254</ymin>
			<ymax>353</ymax>
		</bndbox>
	</object>
</annotation>
