<annotation>
	<folder></folder>
	<filename>30c34450257afce3_jpg.rf.03b9bec576ffde990f9fca158d621695.jpg</filename>
	<path>30c34450257afce3_jpg.rf.03b9bec576ffde990f9fca158d621695.jpg</path>
	<source>
		<database>roboflow.ai</database>
	</source>
	<size>
		<width>416</width>
		<height>416</height>
		<depth>3</depth>
	</size>
	<segmented>0</segmented>
	<object>
		<name>Car</name>
		<pose>Unspecified</pose>
		<truncated>0</truncated>
		<difficult>0</difficult>
		<occluded>0</occluded>
		<bndbox>
			<xmin>30</xmin>
			<xmax>396</xmax>
			<ymin>145</ymin>
			<ymax>361</ymax>
		</bndbox>
	</object>
</annotation>
