<annotation>
	<folder></folder>
	<filename>30de441d49bbeedd_jpg.rf.c84e1fc21e9552c952b001da53250065.jpg</filename>
	<path>30de441d49bbeedd_jpg.rf.c84e1fc21e9552c952b001da53250065.jpg</path>
	<source>
		<database>roboflow.ai</database>
	</source>
	<size>
		<width>416</width>
		<height>416</height>
		<depth>3</depth>
	</size>
	<segmented>0</segmented>
	<object>
		<name>Ambulance</name>
		<pose>Unspecified</pose>
		<truncated>0</truncated>
		<difficult>0</difficult>
		<occluded>0</occluded>
		<bndbox>
			<xmin>1</xmin>
			<xmax>166</xmax>
			<ymin>78</ymin>
			<ymax>281</ymax>
		</bndbox>
	</object>
	<object>
		<name>Ambulance</name>
		<pose>Unspecified</pose>
		<truncated>0</truncated>
		<difficult>0</difficult>
		<occluded>0</occluded>
		<bndbox>
			<xmin>33</xmin>
			<xmax>371</xmax>
			<ymin>59</ymin>
			<ymax>362</ymax>
		</bndbox>
	</object>
</annotation>
