<annotation>
	<folder></folder>
	<filename>31b1c599fd0f2280_jpg.rf.1a70648f29e7a603c24c3754965f4263.jpg</filename>
	<path>31b1c599fd0f2280_jpg.rf.1a70648f29e7a603c24c3754965f4263.jpg</path>
	<source>
		<database>roboflow.ai</database>
	</source>
	<size>
		<width>416</width>
		<height>416</height>
		<depth>3</depth>
	</size>
	<segmented>0</segmented>
	<object>
		<name>Ambulance</name>
		<pose>Unspecified</pose>
		<truncated>0</truncated>
		<difficult>0</difficult>
		<occluded>0</occluded>
		<bndbox>
			<xmin>12</xmin>
			<xmax>222</xmax>
			<ymin>26</ymin>
			<ymax>402</ymax>
		</bndbox>
	</object>
</annotation>
