<annotation>
	<folder></folder>
	<filename>32a5e22ccdaa8d98_jpg.rf.18278344cd67247d1226f15b7f38c7cf.jpg</filename>
	<path>32a5e22ccdaa8d98_jpg.rf.18278344cd67247d1226f15b7f38c7cf.jpg</path>
	<source>
		<database>roboflow.ai</database>
	</source>
	<size>
		<width>416</width>
		<height>416</height>
		<depth>3</depth>
	</size>
	<segmented>0</segmented>
	<object>
		<name>Car</name>
		<pose>Unspecified</pose>
		<truncated>0</truncated>
		<difficult>0</difficult>
		<occluded>0</occluded>
		<bndbox>
			<xmin>1</xmin>
			<xmax>116</xmax>
			<ymin>199</ymin>
			<ymax>416</ymax>
		</bndbox>
	</object>
	<object>
		<name>Car</name>
		<pose>Unspecified</pose>
		<truncated>0</truncated>
		<difficult>0</difficult>
		<occluded>0</occluded>
		<bndbox>
			<xmin>148</xmin>
			<xmax>171</xmax>
			<ymin>195</ymin>
			<ymax>228</ymax>
		</bndbox>
	</object>
</annotation>
