<annotation>
	<folder></folder>
	<filename>33982df55de352d9_jpg.rf.839d83647df86ce792bfdcdcf99b9937.jpg</filename>
	<path>33982df55de352d9_jpg.rf.839d83647df86ce792bfdcdcf99b9937.jpg</path>
	<source>
		<database>roboflow.ai</database>
	</source>
	<size>
		<width>416</width>
		<height>416</height>
		<depth>3</depth>
	</size>
	<segmented>0</segmented>
	<object>
		<name>Car</name>
		<pose>Unspecified</pose>
		<truncated>0</truncated>
		<difficult>0</difficult>
		<occluded>0</occluded>
		<bndbox>
			<xmin>28</xmin>
			<xmax>369</xmax>
			<ymin>100</ymin>
			<ymax>346</ymax>
		</bndbox>
	</object>
	<object>
		<name>Car</name>
		<pose>Unspecified</pose>
		<truncated>0</truncated>
		<difficult>0</difficult>
		<occluded>0</occluded>
		<bndbox>
			<xmin>149</xmin>
			<xmax>213</xmax>
			<ymin>93</ymin>
			<ymax>105</ymax>
		</bndbox>
	</object>
	<object>
		<name>Car</name>
		<pose>Unspecified</pose>
		<truncated>0</truncated>
		<difficult>0</difficult>
		<occluded>0</occluded>
		<bndbox>
			<xmin>276</xmin>
			<xmax>416</xmax>
			<ymin>74</ymin>
			<ymax>189</ymax>
		</bndbox>
	</object>
</annotation>
