<annotation>
	<folder></folder>
	<filename>33f44ac135f3aef7_jpg.rf.e5595f10e247f001cd4e3ead7328b2ba.jpg</filename>
	<path>33f44ac135f3aef7_jpg.rf.e5595f10e247f001cd4e3ead7328b2ba.jpg</path>
	<source>
		<database>roboflow.ai</database>
	</source>
	<size>
		<width>416</width>
		<height>416</height>
		<depth>3</depth>
	</size>
	<segmented>0</segmented>
	<object>
		<name>Car</name>
		<pose>Unspecified</pose>
		<truncated>0</truncated>
		<difficult>0</difficult>
		<occluded>0</occluded>
		<bndbox>
			<xmin>1</xmin>
			<xmax>55</xmax>
			<ymin>85</ymin>
			<ymax>135</ymax>
		</bndbox>
	</object>
	<object>
		<name>Car</name>
		<pose>Unspecified</pose>
		<truncated>0</truncated>
		<difficult>0</difficult>
		<occluded>0</occluded>
		<bndbox>
			<xmin>40</xmin>
			<xmax>391</xmax>
			<ymin>98</ymin>
			<ymax>308</ymax>
		</bndbox>
	</object>
</annotation>
