<annotation>
	<folder></folder>
	<filename>34126ed07ddad6e7_jpg.rf.32c86e78e8ff1390456c0a900039240d.jpg</filename>
	<path>34126ed07ddad6e7_jpg.rf.32c86e78e8ff1390456c0a900039240d.jpg</path>
	<source>
		<database>roboflow.ai</database>
	</source>
	<size>
		<width>416</width>
		<height>416</height>
		<depth>3</depth>
	</size>
	<segmented>0</segmented>
	<object>
		<name>Truck</name>
		<pose>Unspecified</pose>
		<truncated>0</truncated>
		<difficult>0</difficult>
		<occluded>0</occluded>
		<bndbox>
			<xmin>175</xmin>
			<xmax>391</xmax>
			<ymin>75</ymin>
			<ymax>368</ymax>
		</bndbox>
	</object>
</annotation>
