<annotation>
	<folder></folder>
	<filename>34dfa486fec6e0bc_jpg.rf.b7f9c11d82a086260132d87b64122127.jpg</filename>
	<path>34dfa486fec6e0bc_jpg.rf.b7f9c11d82a086260132d87b64122127.jpg</path>
	<source>
		<database>roboflow.ai</database>
	</source>
	<size>
		<width>416</width>
		<height>416</height>
		<depth>3</depth>
	</size>
	<segmented>0</segmented>
	<object>
		<name>Motorcycle</name>
		<pose>Unspecified</pose>
		<truncated>0</truncated>
		<difficult>0</difficult>
		<occluded>0</occluded>
		<bndbox>
			<xmin>2</xmin>
			<xmax>347</xmax>
			<ymin>1</ymin>
			<ymax>416</ymax>
		</bndbox>
	</object>
</annotation>
