<annotation>
	<folder></folder>
	<filename>34f6a140cae07ad1_jpg.rf.d2e938c5648f0cd1c9df3da32c24b594.jpg</filename>
	<path>34f6a140cae07ad1_jpg.rf.d2e938c5648f0cd1c9df3da32c24b594.jpg</path>
	<source>
		<database>roboflow.ai</database>
	</source>
	<size>
		<width>416</width>
		<height>416</height>
		<depth>3</depth>
	</size>
	<segmented>0</segmented>
	<object>
		<name>Bus</name>
		<pose>Unspecified</pose>
		<truncated>0</truncated>
		<difficult>0</difficult>
		<occluded>0</occluded>
		<bndbox>
			<xmin>47</xmin>
			<xmax>389</xmax>
			<ymin>75</ymin>
			<ymax>387</ymax>
		</bndbox>
	</object>
</annotation>
