<annotation>
	<folder></folder>
	<filename>352fcffeb445679c_jpg.rf.096ad3f410e1da1a6fca2c131c554614.jpg</filename>
	<path>352fcffeb445679c_jpg.rf.096ad3f410e1da1a6fca2c131c554614.jpg</path>
	<source>
		<database>roboflow.ai</database>
	</source>
	<size>
		<width>416</width>
		<height>416</height>
		<depth>3</depth>
	</size>
	<segmented>0</segmented>
	<object>
		<name>Car</name>
		<pose>Unspecified</pose>
		<truncated>0</truncated>
		<difficult>0</difficult>
		<occluded>0</occluded>
		<bndbox>
			<xmin>69</xmin>
			<xmax>209</xmax>
			<ymin>305</ymin>
			<ymax>374</ymax>
		</bndbox>
	</object>
	<object>
		<name>Car</name>
		<pose>Unspecified</pose>
		<truncated>0</truncated>
		<difficult>0</difficult>
		<occluded>0</occluded>
		<bndbox>
			<xmin>238</xmin>
			<xmax>321</xmax>
			<ymin>291</ymin>
			<ymax>345</ymax>
		</bndbox>
	</object>
	<object>
		<name>Car</name>
		<pose>Unspecified</pose>
		<truncated>0</truncated>
		<difficult>0</difficult>
		<occluded>0</occluded>
		<bndbox>
			<xmin>335</xmin>
			<xmax>378</xmax>
			<ymin>286</ymin>
			<ymax>322</ymax>
		</bndbox>
	</object>
	<object>
		<name>Car</name>
		<pose>Unspecified</pose>
		<truncated>0</truncated>
		<difficult>0</difficult>
		<occluded>0</occluded>
		<bndbox>
			<xmin>380</xmin>
			<xmax>406</xmax>
			<ymin>291</ymin>
			<ymax>314</ymax>
		</bndbox>
	</object>
</annotation>
