<annotation>
	<folder></folder>
	<filename>3612859ad8f4b8ac_jpg.rf.a987fd4f0cdedb99813b437392d11b66.jpg</filename>
	<path>3612859ad8f4b8ac_jpg.rf.a987fd4f0cdedb99813b437392d11b66.jpg</path>
	<source>
		<database>roboflow.ai</database>
	</source>
	<size>
		<width>416</width>
		<height>416</height>
		<depth>3</depth>
	</size>
	<segmented>0</segmented>
	<object>
		<name>Motorcycle</name>
		<pose>Unspecified</pose>
		<truncated>0</truncated>
		<difficult>0</difficult>
		<occluded>0</occluded>
		<bndbox>
			<xmin>226</xmin>
			<xmax>361</xmax>
			<ymin>114</ymin>
			<ymax>229</ymax>
		</bndbox>
	</object>
</annotation>
