<annotation>
	<folder></folder>
	<filename>363720f781ca3c15_jpg.rf.980e92957c506877e2cb8de5f0a7af55.jpg</filename>
	<path>363720f781ca3c15_jpg.rf.980e92957c506877e2cb8de5f0a7af55.jpg</path>
	<source>
		<database>roboflow.ai</database>
	</source>
	<size>
		<width>416</width>
		<height>416</height>
		<depth>3</depth>
	</size>
	<segmented>0</segmented>
	<object>
		<name>Motorcycle</name>
		<pose>Unspecified</pose>
		<truncated>0</truncated>
		<difficult>0</difficult>
		<occluded>0</occluded>
		<bndbox>
			<xmin>370</xmin>
			<xmax>401</xmax>
			<ymin>323</ymin>
			<ymax>383</ymax>
		</bndbox>
	</object>
	<object>
		<name>Motorcycle</name>
		<pose>Unspecified</pose>
		<truncated>0</truncated>
		<difficult>0</difficult>
		<occluded>0</occluded>
		<bndbox>
			<xmin>277</xmin>
			<xmax>339</xmax>
			<ymin>317</ymin>
			<ymax>411</ymax>
		</bndbox>
	</object>
</annotation>
