<annotation>
	<folder></folder>
	<filename>366078debdbff8c9_jpg.rf.c83a2fac16d5fed9e72e3869a75427b5.jpg</filename>
	<path>366078debdbff8c9_jpg.rf.c83a2fac16d5fed9e72e3869a75427b5.jpg</path>
	<source>
		<database>roboflow.ai</database>
	</source>
	<size>
		<width>416</width>
		<height>416</height>
		<depth>3</depth>
	</size>
	<segmented>0</segmented>
	<object>
		<name>Truck</name>
		<pose>Unspecified</pose>
		<truncated>0</truncated>
		<difficult>0</difficult>
		<occluded>0</occluded>
		<bndbox>
			<xmin>106</xmin>
			<xmax>187</xmax>
			<ymin>241</ymin>
			<ymax>359</ymax>
		</bndbox>
	</object>
	<object>
		<name>Truck</name>
		<pose>Unspecified</pose>
		<truncated>0</truncated>
		<difficult>0</difficult>
		<occluded>0</occluded>
		<bndbox>
			<xmin>259</xmin>
			<xmax>377</xmax>
			<ymin>238</ymin>
			<ymax>365</ymax>
		</bndbox>
	</object>
</annotation>
