<annotation>
	<folder></folder>
	<filename>37f9a68f16667494_jpg.rf.66d5b1814e1342e77ea55b04d4d187ab.jpg</filename>
	<path>37f9a68f16667494_jpg.rf.66d5b1814e1342e77ea55b04d4d187ab.jpg</path>
	<source>
		<database>roboflow.ai</database>
	</source>
	<size>
		<width>416</width>
		<height>416</height>
		<depth>3</depth>
	</size>
	<segmented>0</segmented>
	<object>
		<name>Truck</name>
		<pose>Unspecified</pose>
		<truncated>0</truncated>
		<difficult>0</difficult>
		<occluded>0</occluded>
		<bndbox>
			<xmin>48</xmin>
			<xmax>364</xmax>
			<ymin>200</ymin>
			<ymax>388</ymax>
		</bndbox>
	</object>
</annotation>
