<annotation>
	<folder></folder>
	<filename>3848f783b1a99a6e_jpg.rf.baf037189732826988ae0128c38d8e3e.jpg</filename>
	<path>3848f783b1a99a6e_jpg.rf.baf037189732826988ae0128c38d8e3e.jpg</path>
	<source>
		<database>roboflow.ai</database>
	</source>
	<size>
		<width>416</width>
		<height>416</height>
		<depth>3</depth>
	</size>
	<segmented>0</segmented>
	<object>
		<name>Ambulance</name>
		<pose>Unspecified</pose>
		<truncated>0</truncated>
		<difficult>0</difficult>
		<occluded>0</occluded>
		<bndbox>
			<xmin>47</xmin>
			<xmax>379</xmax>
			<ymin>90</ymin>
			<ymax>333</ymax>
		</bndbox>
	</object>
</annotation>
