<annotation>
	<folder></folder>
	<filename>38a29a2b08ad3603_jpg.rf.0c8f7b3c2e7c4ff62cc4eec2d80b0f93.jpg</filename>
	<path>38a29a2b08ad3603_jpg.rf.0c8f7b3c2e7c4ff62cc4eec2d80b0f93.jpg</path>
	<source>
		<database>roboflow.ai</database>
	</source>
	<size>
		<width>416</width>
		<height>416</height>
		<depth>3</depth>
	</size>
	<segmented>0</segmented>
	<object>
		<name>Car</name>
		<pose>Unspecified</pose>
		<truncated>0</truncated>
		<difficult>0</difficult>
		<occluded>0</occluded>
		<bndbox>
			<xmin>1</xmin>
			<xmax>99</xmax>
			<ymin>271</ymin>
			<ymax>410</ymax>
		</bndbox>
	</object>
	<object>
		<name>Car</name>
		<pose>Unspecified</pose>
		<truncated>0</truncated>
		<difficult>0</difficult>
		<occluded>0</occluded>
		<bndbox>
			<xmin>216</xmin>
			<xmax>286</xmax>
			<ymin>339</ymin>
			<ymax>417</ymax>
		</bndbox>
	</object>
</annotation>
