<annotation>
	<folder></folder>
	<filename>3967e7c4900084d6_jpg.rf.0903ee44cebbc48bf4e0ca0d7b89d8d7.jpg</filename>
	<path>3967e7c4900084d6_jpg.rf.0903ee44cebbc48bf4e0ca0d7b89d8d7.jpg</path>
	<source>
		<database>roboflow.ai</database>
	</source>
	<size>
		<width>416</width>
		<height>416</height>
		<depth>3</depth>
	</size>
	<segmented>0</segmented>
	<object>
		<name>Bus</name>
		<pose>Unspecified</pose>
		<truncated>0</truncated>
		<difficult>0</difficult>
		<occluded>0</occluded>
		<bndbox>
			<xmin>105</xmin>
			<xmax>295</xmax>
			<ymin>77</ymin>
			<ymax>364</ymax>
		</bndbox>
	</object>
</annotation>
