<annotation>
	<folder></folder>
	<filename>39fac0e910b58065_jpg.rf.7a97bd9932f4357ddb94134223eb15df.jpg</filename>
	<path>39fac0e910b58065_jpg.rf.7a97bd9932f4357ddb94134223eb15df.jpg</path>
	<source>
		<database>roboflow.ai</database>
	</source>
	<size>
		<width>416</width>
		<height>416</height>
		<depth>3</depth>
	</size>
	<segmented>0</segmented>
	<object>
		<name>Car</name>
		<pose>Unspecified</pose>
		<truncated>0</truncated>
		<difficult>0</difficult>
		<occluded>0</occluded>
		<bndbox>
			<xmin>270</xmin>
			<xmax>307</xmax>
			<ymin>266</ymin>
			<ymax>296</ymax>
		</bndbox>
	</object>
	<object>
		<name>Car</name>
		<pose>Unspecified</pose>
		<truncated>0</truncated>
		<difficult>0</difficult>
		<occluded>0</occluded>
		<bndbox>
			<xmin>293</xmin>
			<xmax>338</xmax>
			<ymin>266</ymin>
			<ymax>297</ymax>
		</bndbox>
	</object>
</annotation>
