<annotation>
	<folder></folder>
	<filename>39fd1bb4a899e0e3_jpg.rf.affa8604e46a10af6c2649a05ead0e09.jpg</filename>
	<path>39fd1bb4a899e0e3_jpg.rf.affa8604e46a10af6c2649a05ead0e09.jpg</path>
	<source>
		<database>roboflow.ai</database>
	</source>
	<size>
		<width>416</width>
		<height>416</height>
		<depth>3</depth>
	</size>
	<segmented>0</segmented>
	<object>
		<name>Motorcycle</name>
		<pose>Unspecified</pose>
		<truncated>0</truncated>
		<difficult>0</difficult>
		<occluded>0</occluded>
		<bndbox>
			<xmin>252</xmin>
			<xmax>321</xmax>
			<ymin>290</ymin>
			<ymax>352</ymax>
		</bndbox>
	</object>
</annotation>
