<annotation>
	<folder></folder>
	<filename>3a7cb48aac371b62_jpg.rf.93f0cae58a909805a5c0d42819aba43e.jpg</filename>
	<path>3a7cb48aac371b62_jpg.rf.93f0cae58a909805a5c0d42819aba43e.jpg</path>
	<source>
		<database>roboflow.ai</database>
	</source>
	<size>
		<width>416</width>
		<height>416</height>
		<depth>3</depth>
	</size>
	<segmented>0</segmented>
	<object>
		<name>Bus</name>
		<pose>Unspecified</pose>
		<truncated>0</truncated>
		<difficult>0</difficult>
		<occluded>0</occluded>
		<bndbox>
			<xmin>35</xmin>
			<xmax>218</xmax>
			<ymin>124</ymin>
			<ymax>319</ymax>
		</bndbox>
	</object>
	<object>
		<name>Bus</name>
		<pose>Unspecified</pose>
		<truncated>0</truncated>
		<difficult>0</difficult>
		<occluded>0</occluded>
		<bndbox>
			<xmin>207</xmin>
			<xmax>404</xmax>
			<ymin>112</ymin>
			<ymax>316</ymax>
		</bndbox>
	</object>
</annotation>
