<annotation>
	<folder></folder>
	<filename>3adea569e0432f6a_jpg.rf.2b8b13b50889ed674de27cc69955c964.jpg</filename>
	<path>3adea569e0432f6a_jpg.rf.2b8b13b50889ed674de27cc69955c964.jpg</path>
	<source>
		<database>roboflow.ai</database>
	</source>
	<size>
		<width>416</width>
		<height>416</height>
		<depth>3</depth>
	</size>
	<segmented>0</segmented>
	<object>
		<name>Car</name>
		<pose>Unspecified</pose>
		<truncated>0</truncated>
		<difficult>0</difficult>
		<occluded>0</occluded>
		<bndbox>
			<xmin>37</xmin>
			<xmax>59</xmax>
			<ymin>330</ymin>
			<ymax>359</ymax>
		</bndbox>
	</object>
	<object>
		<name>Car</name>
		<pose>Unspecified</pose>
		<truncated>0</truncated>
		<difficult>0</difficult>
		<occluded>0</occluded>
		<bndbox>
			<xmin>54</xmin>
			<xmax>102</xmax>
			<ymin>325</ymin>
			<ymax>374</ymax>
		</bndbox>
	</object>
	<object>
		<name>Car</name>
		<pose>Unspecified</pose>
		<truncated>0</truncated>
		<difficult>0</difficult>
		<occluded>0</occluded>
		<bndbox>
			<xmin>160</xmin>
			<xmax>196</xmax>
			<ymin>302</ymin>
			<ymax>352</ymax>
		</bndbox>
	</object>
	<object>
		<name>Car</name>
		<pose>Unspecified</pose>
		<truncated>0</truncated>
		<difficult>0</difficult>
		<occluded>0</occluded>
		<bndbox>
			<xmin>175</xmin>
			<xmax>246</xmax>
			<ymin>309</ymin>
			<ymax>381</ymax>
		</bndbox>
	</object>
</annotation>
