<annotation>
	<folder></folder>
	<filename>3b10eae932548195_jpg.rf.8ca5dbdb7ffd982153518b16bf78f6ca.jpg</filename>
	<path>3b10eae932548195_jpg.rf.8ca5dbdb7ffd982153518b16bf78f6ca.jpg</path>
	<source>
		<database>roboflow.ai</database>
	</source>
	<size>
		<width>416</width>
		<height>416</height>
		<depth>3</depth>
	</size>
	<segmented>0</segmented>
	<object>
		<name>Bus</name>
		<pose>Unspecified</pose>
		<truncated>0</truncated>
		<difficult>0</difficult>
		<occluded>0</occluded>
		<bndbox>
			<xmin>212</xmin>
			<xmax>352</xmax>
			<ymin>230</ymin>
			<ymax>318</ymax>
		</bndbox>
	</object>
</annotation>
