<annotation>
	<folder></folder>
	<filename>3b53976a94e33073_jpg.rf.9f0d1a803b654dfd921591010947237e.jpg</filename>
	<path>3b53976a94e33073_jpg.rf.9f0d1a803b654dfd921591010947237e.jpg</path>
	<source>
		<database>roboflow.ai</database>
	</source>
	<size>
		<width>416</width>
		<height>416</height>
		<depth>3</depth>
	</size>
	<segmented>0</segmented>
	<object>
		<name>Truck</name>
		<pose>Unspecified</pose>
		<truncated>0</truncated>
		<difficult>0</difficult>
		<occluded>0</occluded>
		<bndbox>
			<xmin>78</xmin>
			<xmax>333</xmax>
			<ymin>28</ymin>
			<ymax>397</ymax>
		</bndbox>
	</object>
	<object>
		<name>Truck</name>
		<pose>Unspecified</pose>
		<truncated>0</truncated>
		<difficult>0</difficult>
		<occluded>0</occluded>
		<bndbox>
			<xmin>1</xmin>
			<xmax>91</xmax>
			<ymin>185</ymin>
			<ymax>269</ymax>
		</bndbox>
	</object>
</annotation>
