<annotation>
	<folder></folder>
	<filename>3b6986bd37ece365_jpg.rf.01c55af033810de25aec1fe9cc4d525c.jpg</filename>
	<path>3b6986bd37ece365_jpg.rf.01c55af033810de25aec1fe9cc4d525c.jpg</path>
	<source>
		<database>roboflow.ai</database>
	</source>
	<size>
		<width>416</width>
		<height>416</height>
		<depth>3</depth>
	</size>
	<segmented>0</segmented>
	<object>
		<name>Car</name>
		<pose>Unspecified</pose>
		<truncated>0</truncated>
		<difficult>0</difficult>
		<occluded>0</occluded>
		<bndbox>
			<xmin>168</xmin>
			<xmax>360</xmax>
			<ymin>163</ymin>
			<ymax>326</ymax>
		</bndbox>
	</object>
</annotation>
