<annotation>
	<folder></folder>
	<filename>3ba18e96c29ab06e_jpg.rf.8f7d2fc57d7ec105359d20fb5ff3b6fa.jpg</filename>
	<path>3ba18e96c29ab06e_jpg.rf.8f7d2fc57d7ec105359d20fb5ff3b6fa.jpg</path>
	<source>
		<database>roboflow.ai</database>
	</source>
	<size>
		<width>416</width>
		<height>416</height>
		<depth>3</depth>
	</size>
	<segmented>0</segmented>
	<object>
		<name>Motorcycle</name>
		<pose>Unspecified</pose>
		<truncated>0</truncated>
		<difficult>0</difficult>
		<occluded>0</occluded>
		<bndbox>
			<xmin>7</xmin>
			<xmax>357</xmax>
			<ymin>1</ymin>
			<ymax>416</ymax>
		</bndbox>
	</object>
	<object>
		<name>Motorcycle</name>
		<pose>Unspecified</pose>
		<truncated>0</truncated>
		<difficult>0</difficult>
		<occluded>0</occluded>
		<bndbox>
			<xmin>273</xmin>
			<xmax>417</xmax>
			<ymin>3</ymin>
			<ymax>130</ymax>
		</bndbox>
	</object>
</annotation>
