<annotation>
	<folder></folder>
	<filename>3c60f9c54565c925_jpg.rf.9ba47ea0cdc86c8c052d9f8514f5e04f.jpg</filename>
	<path>3c60f9c54565c925_jpg.rf.9ba47ea0cdc86c8c052d9f8514f5e04f.jpg</path>
	<source>
		<database>roboflow.ai</database>
	</source>
	<size>
		<width>416</width>
		<height>416</height>
		<depth>3</depth>
	</size>
	<segmented>0</segmented>
	<object>
		<name>Car</name>
		<pose>Unspecified</pose>
		<truncated>0</truncated>
		<difficult>0</difficult>
		<occluded>0</occluded>
		<bndbox>
			<xmin>185</xmin>
			<xmax>368</xmax>
			<ymin>163</ymin>
			<ymax>261</ymax>
		</bndbox>
	</object>
</annotation>
