<annotation>
	<folder></folder>
	<filename>3dd95762b8a9c4a9_jpg.rf.74d0c20555de6962004880888aaec4d5.jpg</filename>
	<path>3dd95762b8a9c4a9_jpg.rf.74d0c20555de6962004880888aaec4d5.jpg</path>
	<source>
		<database>roboflow.ai</database>
	</source>
	<size>
		<width>416</width>
		<height>416</height>
		<depth>3</depth>
	</size>
	<segmented>0</segmented>
	<object>
		<name>Car</name>
		<pose>Unspecified</pose>
		<truncated>0</truncated>
		<difficult>0</difficult>
		<occluded>0</occluded>
		<bndbox>
			<xmin>150</xmin>
			<xmax>413</xmax>
			<ymin>100</ymin>
			<ymax>236</ymax>
		</bndbox>
	</object>
	<object>
		<name>Car</name>
		<pose>Unspecified</pose>
		<truncated>0</truncated>
		<difficult>0</difficult>
		<occluded>0</occluded>
		<bndbox>
			<xmin>156</xmin>
			<xmax>416</xmax>
			<ymin>205</ymin>
			<ymax>317</ymax>
		</bndbox>
	</object>
	<object>
		<name>Car</name>
		<pose>Unspecified</pose>
		<truncated>0</truncated>
		<difficult>0</difficult>
		<occluded>0</occluded>
		<bndbox>
			<xmin>368</xmin>
			<xmax>416</xmax>
			<ymin>293</ymin>
			<ymax>410</ymax>
		</bndbox>
	</object>
</annotation>
