<annotation>
	<folder></folder>
	<filename>3fd6655efb7421d7_jpg.rf.3fa8723bb8197676b32f715bbf6799df.jpg</filename>
	<path>3fd6655efb7421d7_jpg.rf.3fa8723bb8197676b32f715bbf6799df.jpg</path>
	<source>
		<database>roboflow.ai</database>
	</source>
	<size>
		<width>416</width>
		<height>416</height>
		<depth>3</depth>
	</size>
	<segmented>0</segmented>
	<object>
		<name>Car</name>
		<pose>Unspecified</pose>
		<truncated>0</truncated>
		<difficult>0</difficult>
		<occluded>0</occluded>
		<bndbox>
			<xmin>25</xmin>
			<xmax>403</xmax>
			<ymin>17</ymin>
			<ymax>216</ymax>
		</bndbox>
	</object>
	<object>
		<name>Car</name>
		<pose>Unspecified</pose>
		<truncated>0</truncated>
		<difficult>0</difficult>
		<occluded>0</occluded>
		<bndbox>
			<xmin>156</xmin>
			<xmax>384</xmax>
			<ymin>314</ymin>
			<ymax>376</ymax>
		</bndbox>
	</object>
</annotation>
