<annotation>
	<folder></folder>
	<filename>402d1470aa6c1962_jpg.rf.578bba8f5f47d2433c03338234496166.jpg</filename>
	<path>402d1470aa6c1962_jpg.rf.578bba8f5f47d2433c03338234496166.jpg</path>
	<source>
		<database>roboflow.ai</database>
	</source>
	<size>
		<width>416</width>
		<height>416</height>
		<depth>3</depth>
	</size>
	<segmented>0</segmented>
	<object>
		<name>Truck</name>
		<pose>Unspecified</pose>
		<truncated>0</truncated>
		<difficult>0</difficult>
		<occluded>0</occluded>
		<bndbox>
			<xmin>4</xmin>
			<xmax>405</xmax>
			<ymin>55</ymin>
			<ymax>399</ymax>
		</bndbox>
	</object>
</annotation>
