<annotation>
	<folder></folder>
	<filename>4039b64d9f2b5291_jpg.rf.98b554f3ce1cf2475f758d83c9fca90d.jpg</filename>
	<path>4039b64d9f2b5291_jpg.rf.98b554f3ce1cf2475f758d83c9fca90d.jpg</path>
	<source>
		<database>roboflow.ai</database>
	</source>
	<size>
		<width>416</width>
		<height>416</height>
		<depth>3</depth>
	</size>
	<segmented>0</segmented>
	<object>
		<name>Car</name>
		<pose>Unspecified</pose>
		<truncated>0</truncated>
		<difficult>0</difficult>
		<occluded>0</occluded>
		<bndbox>
			<xmin>68</xmin>
			<xmax>417</xmax>
			<ymin>82</ymin>
			<ymax>304</ymax>
		</bndbox>
	</object>
</annotation>
