<annotation>
	<folder></folder>
	<filename>4046b4261847fad4_jpg.rf.d06a0ea9daf38b0528cc2bd0f7e661f5.jpg</filename>
	<path>4046b4261847fad4_jpg.rf.d06a0ea9daf38b0528cc2bd0f7e661f5.jpg</path>
	<source>
		<database>roboflow.ai</database>
	</source>
	<size>
		<width>416</width>
		<height>416</height>
		<depth>3</depth>
	</size>
	<segmented>0</segmented>
	<object>
		<name>Truck</name>
		<pose>Unspecified</pose>
		<truncated>0</truncated>
		<difficult>0</difficult>
		<occluded>0</occluded>
		<bndbox>
			<xmin>75</xmin>
			<xmax>417</xmax>
			<ymin>25</ymin>
			<ymax>393</ymax>
		</bndbox>
	</object>
</annotation>
