<annotation>
	<folder></folder>
	<filename>40b4b49db4472185_jpg.rf.111362d3525ccb1df2d7f91dd9e0321d.jpg</filename>
	<path>40b4b49db4472185_jpg.rf.111362d3525ccb1df2d7f91dd9e0321d.jpg</path>
	<source>
		<database>roboflow.ai</database>
	</source>
	<size>
		<width>416</width>
		<height>416</height>
		<depth>3</depth>
	</size>
	<segmented>0</segmented>
	<object>
		<name>Bus</name>
		<pose>Unspecified</pose>
		<truncated>0</truncated>
		<difficult>0</difficult>
		<occluded>0</occluded>
		<bndbox>
			<xmin>52</xmin>
			<xmax>357</xmax>
			<ymin>24</ymin>
			<ymax>358</ymax>
		</bndbox>
	</object>
</annotation>
