<annotation>
	<folder></folder>
	<filename>4111db16bc966910_jpg.rf.113d94aa5ca1fb4088c7852ec48e88b5.jpg</filename>
	<path>4111db16bc966910_jpg.rf.113d94aa5ca1fb4088c7852ec48e88b5.jpg</path>
	<source>
		<database>roboflow.ai</database>
	</source>
	<size>
		<width>416</width>
		<height>416</height>
		<depth>3</depth>
	</size>
	<segmented>0</segmented>
	<object>
		<name>Truck</name>
		<pose>Unspecified</pose>
		<truncated>0</truncated>
		<difficult>0</difficult>
		<occluded>0</occluded>
		<bndbox>
			<xmin>32</xmin>
			<xmax>372</xmax>
			<ymin>55</ymin>
			<ymax>401</ymax>
		</bndbox>
	</object>
	<object>
		<name>Truck</name>
		<pose>Unspecified</pose>
		<truncated>0</truncated>
		<difficult>0</difficult>
		<occluded>0</occluded>
		<bndbox>
			<xmin>1</xmin>
			<xmax>104</xmax>
			<ymin>160</ymin>
			<ymax>416</ymax>
		</bndbox>
	</object>
</annotation>
