<annotation>
	<folder></folder>
	<filename>41cb68a802f49e98_jpg.rf.6fff15364fd6e909975adbe66de8496f.jpg</filename>
	<path>41cb68a802f49e98_jpg.rf.6fff15364fd6e909975adbe66de8496f.jpg</path>
	<source>
		<database>roboflow.ai</database>
	</source>
	<size>
		<width>416</width>
		<height>416</height>
		<depth>3</depth>
	</size>
	<segmented>0</segmented>
	<object>
		<name>Ambulance</name>
		<pose>Unspecified</pose>
		<truncated>0</truncated>
		<difficult>0</difficult>
		<occluded>0</occluded>
		<bndbox>
			<xmin>28</xmin>
			<xmax>400</xmax>
			<ymin>56</ymin>
			<ymax>314</ymax>
		</bndbox>
	</object>
</annotation>
