<annotation>
	<folder></folder>
	<filename>426adbabdb49616a_jpg.rf.0e38b3140b096c6448d8c1fccf166f99.jpg</filename>
	<path>426adbabdb49616a_jpg.rf.0e38b3140b096c6448d8c1fccf166f99.jpg</path>
	<source>
		<database>roboflow.ai</database>
	</source>
	<size>
		<width>416</width>
		<height>416</height>
		<depth>3</depth>
	</size>
	<segmented>0</segmented>
	<object>
		<name>Car</name>
		<pose>Unspecified</pose>
		<truncated>0</truncated>
		<difficult>0</difficult>
		<occluded>0</occluded>
		<bndbox>
			<xmin>32</xmin>
			<xmax>395</xmax>
			<ymin>70</ymin>
			<ymax>369</ymax>
		</bndbox>
	</object>
	<object>
		<name>Car</name>
		<pose>Unspecified</pose>
		<truncated>0</truncated>
		<difficult>0</difficult>
		<occluded>0</occluded>
		<bndbox>
			<xmin>1</xmin>
			<xmax>59</xmax>
			<ymin>62</ymin>
			<ymax>209</ymax>
		</bndbox>
	</object>
	<object>
		<name>Car</name>
		<pose>Unspecified</pose>
		<truncated>0</truncated>
		<difficult>0</difficult>
		<occluded>0</occluded>
		<bndbox>
			<xmin>350</xmin>
			<xmax>416</xmax>
			<ymin>66</ymin>
			<ymax>169</ymax>
		</bndbox>
	</object>
</annotation>
