<annotation>
	<folder></folder>
	<filename>43dcff50b018f61c_jpg.rf.d5c0c3b429664da9bd89ef5c45404bdd.jpg</filename>
	<path>43dcff50b018f61c_jpg.rf.d5c0c3b429664da9bd89ef5c45404bdd.jpg</path>
	<source>
		<database>roboflow.ai</database>
	</source>
	<size>
		<width>416</width>
		<height>416</height>
		<depth>3</depth>
	</size>
	<segmented>0</segmented>
	<object>
		<name>Car</name>
		<pose>Unspecified</pose>
		<truncated>0</truncated>
		<difficult>0</difficult>
		<occluded>0</occluded>
		<bndbox>
			<xmin>3</xmin>
			<xmax>179</xmax>
			<ymin>281</ymin>
			<ymax>411</ymax>
		</bndbox>
	</object>
	<object>
		<name>Car</name>
		<pose>Unspecified</pose>
		<truncated>0</truncated>
		<difficult>0</difficult>
		<occluded>0</occluded>
		<bndbox>
			<xmin>408</xmin>
			<xmax>416</xmax>
			<ymin>253</ymin>
			<ymax>272</ymax>
		</bndbox>
	</object>
</annotation>
