<annotation>
	<folder></folder>
	<filename>43f9dfb36618117e_jpg.rf.d4156af0aef310d2a50c4287f4e86c97.jpg</filename>
	<path>43f9dfb36618117e_jpg.rf.d4156af0aef310d2a50c4287f4e86c97.jpg</path>
	<source>
		<database>roboflow.ai</database>
	</source>
	<size>
		<width>416</width>
		<height>416</height>
		<depth>3</depth>
	</size>
	<segmented>0</segmented>
	<object>
		<name>Car</name>
		<pose>Unspecified</pose>
		<truncated>0</truncated>
		<difficult>0</difficult>
		<occluded>0</occluded>
		<bndbox>
			<xmin>224</xmin>
			<xmax>362</xmax>
			<ymin>42</ymin>
			<ymax>379</ymax>
		</bndbox>
	</object>
</annotation>
