<annotation>
	<folder></folder>
	<filename>4449601908f2515e_jpg.rf.e3f8918ea36bb50a6245387724ee9856.jpg</filename>
	<path>4449601908f2515e_jpg.rf.e3f8918ea36bb50a6245387724ee9856.jpg</path>
	<source>
		<database>roboflow.ai</database>
	</source>
	<size>
		<width>416</width>
		<height>416</height>
		<depth>3</depth>
	</size>
	<segmented>0</segmented>
	<object>
		<name>Bus</name>
		<pose>Unspecified</pose>
		<truncated>0</truncated>
		<difficult>0</difficult>
		<occluded>0</occluded>
		<bndbox>
			<xmin>1</xmin>
			<xmax>28</xmax>
			<ymin>166</ymin>
			<ymax>317</ymax>
		</bndbox>
	</object>
	<object>
		<name>Bus</name>
		<pose>Unspecified</pose>
		<truncated>0</truncated>
		<difficult>0</difficult>
		<occluded>0</occluded>
		<bndbox>
			<xmin>25</xmin>
			<xmax>416</xmax>
			<ymin>133</ymin>
			<ymax>364</ymax>
		</bndbox>
	</object>
</annotation>
