<annotation>
	<folder></folder>
	<filename>447c9ff274fab842_jpg.rf.06185ccadc21acd0e6e8121794533341.jpg</filename>
	<path>447c9ff274fab842_jpg.rf.06185ccadc21acd0e6e8121794533341.jpg</path>
	<source>
		<database>roboflow.ai</database>
	</source>
	<size>
		<width>416</width>
		<height>416</height>
		<depth>3</depth>
	</size>
	<segmented>0</segmented>
	<object>
		<name>Bus</name>
		<pose>Unspecified</pose>
		<truncated>0</truncated>
		<difficult>0</difficult>
		<occluded>0</occluded>
		<bndbox>
			<xmin>23</xmin>
			<xmax>403</xmax>
			<ymin>1</ymin>
			<ymax>390</ymax>
		</bndbox>
	</object>
	<object>
		<name>Bus</name>
		<pose>Unspecified</pose>
		<truncated>0</truncated>
		<difficult>0</difficult>
		<occluded>0</occluded>
		<bndbox>
			<xmin>367</xmin>
			<xmax>417</xmax>
			<ymin>56</ymin>
			<ymax>358</ymax>
		</bndbox>
	</object>
</annotation>
