<annotation>
	<folder></folder>
	<filename>44e913fc3c81999f_jpg.rf.130653d8a4089c13e6d880921fe7fd0a.jpg</filename>
	<path>44e913fc3c81999f_jpg.rf.130653d8a4089c13e6d880921fe7fd0a.jpg</path>
	<source>
		<database>roboflow.ai</database>
	</source>
	<size>
		<width>416</width>
		<height>416</height>
		<depth>3</depth>
	</size>
	<segmented>0</segmented>
	<object>
		<name>Car</name>
		<pose>Unspecified</pose>
		<truncated>0</truncated>
		<difficult>0</difficult>
		<occluded>0</occluded>
		<bndbox>
			<xmin>26</xmin>
			<xmax>397</xmax>
			<ymin>221</ymin>
			<ymax>391</ymax>
		</bndbox>
	</object>
</annotation>
