<annotation>
	<folder></folder>
	<filename>4589c2d83ce48bae_jpg.rf.0aa741b7e8596d7eeb058898eb3e08a4.jpg</filename>
	<path>4589c2d83ce48bae_jpg.rf.0aa741b7e8596d7eeb058898eb3e08a4.jpg</path>
	<source>
		<database>roboflow.ai</database>
	</source>
	<size>
		<width>416</width>
		<height>416</height>
		<depth>3</depth>
	</size>
	<segmented>0</segmented>
	<object>
		<name>Truck</name>
		<pose>Unspecified</pose>
		<truncated>0</truncated>
		<difficult>0</difficult>
		<occluded>0</occluded>
		<bndbox>
			<xmin>12</xmin>
			<xmax>384</xmax>
			<ymin>77</ymin>
			<ymax>321</ymax>
		</bndbox>
	</object>
</annotation>
