<annotation>
	<folder></folder>
	<filename>45dc77695b432d4a_jpg.rf.bcd50d797d9012899406c8a8a3ba2e49.jpg</filename>
	<path>45dc77695b432d4a_jpg.rf.bcd50d797d9012899406c8a8a3ba2e49.jpg</path>
	<source>
		<database>roboflow.ai</database>
	</source>
	<size>
		<width>416</width>
		<height>416</height>
		<depth>3</depth>
	</size>
	<segmented>0</segmented>
	<object>
		<name>Bus</name>
		<pose>Unspecified</pose>
		<truncated>0</truncated>
		<difficult>0</difficult>
		<occluded>0</occluded>
		<bndbox>
			<xmin>1</xmin>
			<xmax>39</xmax>
			<ymin>95</ymin>
			<ymax>282</ymax>
		</bndbox>
	</object>
	<object>
		<name>Bus</name>
		<pose>Unspecified</pose>
		<truncated>0</truncated>
		<difficult>0</difficult>
		<occluded>0</occluded>
		<bndbox>
			<xmin>62</xmin>
			<xmax>417</xmax>
			<ymin>39</ymin>
			<ymax>330</ymax>
		</bndbox>
	</object>
</annotation>
