<annotation>
	<folder></folder>
	<filename>463a6c0582a8ef59_jpg.rf.41a31d038dc51ff6412f4138f50d868e.jpg</filename>
	<path>463a6c0582a8ef59_jpg.rf.41a31d038dc51ff6412f4138f50d868e.jpg</path>
	<source>
		<database>roboflow.ai</database>
	</source>
	<size>
		<width>416</width>
		<height>416</height>
		<depth>3</depth>
	</size>
	<segmented>0</segmented>
	<object>
		<name>Ambulance</name>
		<pose>Unspecified</pose>
		<truncated>0</truncated>
		<difficult>0</difficult>
		<occluded>0</occluded>
		<bndbox>
			<xmin>55</xmin>
			<xmax>265</xmax>
			<ymin>291</ymin>
			<ymax>392</ymax>
		</bndbox>
	</object>
</annotation>
