<annotation>
	<folder></folder>
	<filename>469b1bb2ece31056_jpg.rf.85321ee90ebe7e160f2a5edd1a93d10c.jpg</filename>
	<path>469b1bb2ece31056_jpg.rf.85321ee90ebe7e160f2a5edd1a93d10c.jpg</path>
	<source>
		<database>roboflow.ai</database>
	</source>
	<size>
		<width>416</width>
		<height>416</height>
		<depth>3</depth>
	</size>
	<segmented>0</segmented>
	<object>
		<name>Car</name>
		<pose>Unspecified</pose>
		<truncated>0</truncated>
		<difficult>0</difficult>
		<occluded>0</occluded>
		<bndbox>
			<xmin>157</xmin>
			<xmax>398</xmax>
			<ymin>209</ymin>
			<ymax>401</ymax>
		</bndbox>
	</object>
</annotation>
