<annotation>
	<folder></folder>
	<filename>48763535bbf4e21f_jpg.rf.9f697f24ee56c2389d1cdc512b23074e.jpg</filename>
	<path>48763535bbf4e21f_jpg.rf.9f697f24ee56c2389d1cdc512b23074e.jpg</path>
	<source>
		<database>roboflow.ai</database>
	</source>
	<size>
		<width>416</width>
		<height>416</height>
		<depth>3</depth>
	</size>
	<segmented>0</segmented>
	<object>
		<name>Bus</name>
		<pose>Unspecified</pose>
		<truncated>0</truncated>
		<difficult>0</difficult>
		<occluded>0</occluded>
		<bndbox>
			<xmin>1</xmin>
			<xmax>417</xmax>
			<ymin>1</ymin>
			<ymax>417</ymax>
		</bndbox>
	</object>
</annotation>
