<annotation>
	<folder></folder>
	<filename>488b42427e210e88_jpg.rf.7d76a5cd0fe0a434db64c5c8389dee8f.jpg</filename>
	<path>488b42427e210e88_jpg.rf.7d76a5cd0fe0a434db64c5c8389dee8f.jpg</path>
	<source>
		<database>roboflow.ai</database>
	</source>
	<size>
		<width>416</width>
		<height>416</height>
		<depth>3</depth>
	</size>
	<segmented>0</segmented>
	<object>
		<name>Car</name>
		<pose>Unspecified</pose>
		<truncated>0</truncated>
		<difficult>0</difficult>
		<occluded>0</occluded>
		<bndbox>
			<xmin>59</xmin>
			<xmax>327</xmax>
			<ymin>152</ymin>
			<ymax>309</ymax>
		</bndbox>
	</object>
</annotation>
