<annotation>
	<folder></folder>
	<filename>49304cbc80ffb423_jpg.rf.da5ee71f3a0d70bf34c9c41c702d8785.jpg</filename>
	<path>49304cbc80ffb423_jpg.rf.da5ee71f3a0d70bf34c9c41c702d8785.jpg</path>
	<source>
		<database>roboflow.ai</database>
	</source>
	<size>
		<width>416</width>
		<height>416</height>
		<depth>3</depth>
	</size>
	<segmented>0</segmented>
	<object>
		<name>Truck</name>
		<pose>Unspecified</pose>
		<truncated>0</truncated>
		<difficult>0</difficult>
		<occluded>0</occluded>
		<bndbox>
			<xmin>13</xmin>
			<xmax>386</xmax>
			<ymin>4</ymin>
			<ymax>371</ymax>
		</bndbox>
	</object>
</annotation>
