<annotation>
	<folder></folder>
	<filename>4a11e1503e4317a1_jpg.rf.dea874234565cf16b1caac4c7aaaa344.jpg</filename>
	<path>4a11e1503e4317a1_jpg.rf.dea874234565cf16b1caac4c7aaaa344.jpg</path>
	<source>
		<database>roboflow.ai</database>
	</source>
	<size>
		<width>416</width>
		<height>416</height>
		<depth>3</depth>
	</size>
	<segmented>0</segmented>
	<object>
		<name>Bus</name>
		<pose>Unspecified</pose>
		<truncated>0</truncated>
		<difficult>0</difficult>
		<occluded>0</occluded>
		<bndbox>
			<xmin>37</xmin>
			<xmax>417</xmax>
			<ymin>1</ymin>
			<ymax>416</ymax>
		</bndbox>
	</object>
</annotation>
