<annotation>
	<folder></folder>
	<filename>4a132f56869e2ade_jpg.rf.74730eebc477e2d984903138f7ea47b9.jpg</filename>
	<path>4a132f56869e2ade_jpg.rf.74730eebc477e2d984903138f7ea47b9.jpg</path>
	<source>
		<database>roboflow.ai</database>
	</source>
	<size>
		<width>416</width>
		<height>416</height>
		<depth>3</depth>
	</size>
	<segmented>0</segmented>
	<object>
		<name>Motorcycle</name>
		<pose>Unspecified</pose>
		<truncated>0</truncated>
		<difficult>0</difficult>
		<occluded>0</occluded>
		<bndbox>
			<xmin>139</xmin>
			<xmax>416</xmax>
			<ymin>1</ymin>
			<ymax>275</ymax>
		</bndbox>
	</object>
</annotation>
