<annotation>
	<folder></folder>
	<filename>4a6fdb56291f3a52_jpg.rf.37451e12cd8412da01328e6be4043abe.jpg</filename>
	<path>4a6fdb56291f3a52_jpg.rf.37451e12cd8412da01328e6be4043abe.jpg</path>
	<source>
		<database>roboflow.ai</database>
	</source>
	<size>
		<width>416</width>
		<height>416</height>
		<depth>3</depth>
	</size>
	<segmented>0</segmented>
	<object>
		<name>Car</name>
		<pose>Unspecified</pose>
		<truncated>0</truncated>
		<difficult>0</difficult>
		<occluded>0</occluded>
		<bndbox>
			<xmin>353</xmin>
			<xmax>417</xmax>
			<ymin>233</ymin>
			<ymax>373</ymax>
		</bndbox>
	</object>
</annotation>
