<annotation>
	<folder></folder>
	<filename>4b10429375323247_jpg.rf.6dacf4cf07d0f3a2424ce2b1921d8ca2.jpg</filename>
	<path>4b10429375323247_jpg.rf.6dacf4cf07d0f3a2424ce2b1921d8ca2.jpg</path>
	<source>
		<database>roboflow.ai</database>
	</source>
	<size>
		<width>416</width>
		<height>416</height>
		<depth>3</depth>
	</size>
	<segmented>0</segmented>
	<object>
		<name>Ambulance</name>
		<pose>Unspecified</pose>
		<truncated>0</truncated>
		<difficult>0</difficult>
		<occluded>0</occluded>
		<bndbox>
			<xmin>18</xmin>
			<xmax>164</xmax>
			<ymin>74</ymin>
			<ymax>239</ymax>
		</bndbox>
	</object>
	<object>
		<name>Ambulance</name>
		<pose>Unspecified</pose>
		<truncated>0</truncated>
		<difficult>0</difficult>
		<occluded>0</occluded>
		<bndbox>
			<xmin>99</xmin>
			<xmax>258</xmax>
			<ymin>75</ymin>
			<ymax>258</ymax>
		</bndbox>
	</object>
	<object>
		<name>Ambulance</name>
		<pose>Unspecified</pose>
		<truncated>0</truncated>
		<difficult>0</difficult>
		<occluded>0</occluded>
		<bndbox>
			<xmin>178</xmin>
			<xmax>403</xmax>
			<ymin>61</ymin>
			<ymax>315</ymax>
		</bndbox>
	</object>
</annotation>
