<annotation>
	<folder></folder>
	<filename>4b223d28e75b30c4_jpg.rf.aa7065197c646cbb6f0f8c97807b21e0.jpg</filename>
	<path>4b223d28e75b30c4_jpg.rf.aa7065197c646cbb6f0f8c97807b21e0.jpg</path>
	<source>
		<database>roboflow.ai</database>
	</source>
	<size>
		<width>416</width>
		<height>416</height>
		<depth>3</depth>
	</size>
	<segmented>0</segmented>
	<object>
		<name>Bus</name>
		<pose>Unspecified</pose>
		<truncated>0</truncated>
		<difficult>0</difficult>
		<occluded>0</occluded>
		<bndbox>
			<xmin>17</xmin>
			<xmax>390</xmax>
			<ymin>18</ymin>
			<ymax>394</ymax>
		</bndbox>
	</object>
</annotation>
