<annotation>
	<folder></folder>
	<filename>4b48a5de005d5162_jpg.rf.e8146e5d8a8e9f8c4bd295563bcbeb31.jpg</filename>
	<path>4b48a5de005d5162_jpg.rf.e8146e5d8a8e9f8c4bd295563bcbeb31.jpg</path>
	<source>
		<database>roboflow.ai</database>
	</source>
	<size>
		<width>416</width>
		<height>416</height>
		<depth>3</depth>
	</size>
	<segmented>0</segmented>
	<object>
		<name>Bus</name>
		<pose>Unspecified</pose>
		<truncated>0</truncated>
		<difficult>0</difficult>
		<occluded>0</occluded>
		<bndbox>
			<xmin>5</xmin>
			<xmax>417</xmax>
			<ymin>2</ymin>
			<ymax>409</ymax>
		</bndbox>
	</object>
	<object>
		<name>Bus</name>
		<pose>Unspecified</pose>
		<truncated>0</truncated>
		<difficult>0</difficult>
		<occluded>0</occluded>
		<bndbox>
			<xmin>374</xmin>
			<xmax>417</xmax>
			<ymin>132</ymin>
			<ymax>304</ymax>
		</bndbox>
	</object>
</annotation>
