<annotation>
	<folder></folder>
	<filename>4c40c429a5a070e8_jpg.rf.41f358a75033657ccc9b32a85cfc1b95.jpg</filename>
	<path>4c40c429a5a070e8_jpg.rf.41f358a75033657ccc9b32a85cfc1b95.jpg</path>
	<source>
		<database>roboflow.ai</database>
	</source>
	<size>
		<width>416</width>
		<height>416</height>
		<depth>3</depth>
	</size>
	<segmented>0</segmented>
	<object>
		<name>Car</name>
		<pose>Unspecified</pose>
		<truncated>0</truncated>
		<difficult>0</difficult>
		<occluded>0</occluded>
		<bndbox>
			<xmin>22</xmin>
			<xmax>407</xmax>
			<ymin>188</ymin>
			<ymax>358</ymax>
		</bndbox>
	</object>
</annotation>
