<annotation>
	<folder></folder>
	<filename>4caf1ee77638a3fd_jpg.rf.4c93c398b617f00bf68a8dfce3db5bdb.jpg</filename>
	<path>4caf1ee77638a3fd_jpg.rf.4c93c398b617f00bf68a8dfce3db5bdb.jpg</path>
	<source>
		<database>roboflow.ai</database>
	</source>
	<size>
		<width>416</width>
		<height>416</height>
		<depth>3</depth>
	</size>
	<segmented>0</segmented>
	<object>
		<name>Motorcycle</name>
		<pose>Unspecified</pose>
		<truncated>0</truncated>
		<difficult>0</difficult>
		<occluded>0</occluded>
		<bndbox>
			<xmin>176</xmin>
			<xmax>298</xmax>
			<ymin>148</ymin>
			<ymax>297</ymax>
		</bndbox>
	</object>
</annotation>
