<annotation>
	<folder></folder>
	<filename>4d62b3eed8f04f21_jpg.rf.e2036ff92d47f344e58ea7ad48cb7b4f.jpg</filename>
	<path>4d62b3eed8f04f21_jpg.rf.e2036ff92d47f344e58ea7ad48cb7b4f.jpg</path>
	<source>
		<database>roboflow.ai</database>
	</source>
	<size>
		<width>416</width>
		<height>416</height>
		<depth>3</depth>
	</size>
	<segmented>0</segmented>
	<object>
		<name>Truck</name>
		<pose>Unspecified</pose>
		<truncated>0</truncated>
		<difficult>0</difficult>
		<occluded>0</occluded>
		<bndbox>
			<xmin>7</xmin>
			<xmax>404</xmax>
			<ymin>124</ymin>
			<ymax>324</ymax>
		</bndbox>
	</object>
</annotation>
