<annotation>
	<folder></folder>
	<filename>4e1842c6c439df43_jpg.rf.9b391374462d8e8cd3894ea8d2ea69f9.jpg</filename>
	<path>4e1842c6c439df43_jpg.rf.9b391374462d8e8cd3894ea8d2ea69f9.jpg</path>
	<source>
		<database>roboflow.ai</database>
	</source>
	<size>
		<width>416</width>
		<height>416</height>
		<depth>3</depth>
	</size>
	<segmented>0</segmented>
	<object>
		<name>Ambulance</name>
		<pose>Unspecified</pose>
		<truncated>0</truncated>
		<difficult>0</difficult>
		<occluded>0</occluded>
		<bndbox>
			<xmin>1</xmin>
			<xmax>412</xmax>
			<ymin>46</ymin>
			<ymax>378</ymax>
		</bndbox>
	</object>
</annotation>
