<annotation>
	<folder></folder>
	<filename>4efd242e1c4b204c_jpg.rf.10f54fa4e50dadedeed05fe6bd6c07f7.jpg</filename>
	<path>4efd242e1c4b204c_jpg.rf.10f54fa4e50dadedeed05fe6bd6c07f7.jpg</path>
	<source>
		<database>roboflow.ai</database>
	</source>
	<size>
		<width>416</width>
		<height>416</height>
		<depth>3</depth>
	</size>
	<segmented>0</segmented>
	<object>
		<name>Truck</name>
		<pose>Unspecified</pose>
		<truncated>0</truncated>
		<difficult>0</difficult>
		<occluded>0</occluded>
		<bndbox>
			<xmin>72</xmin>
			<xmax>339</xmax>
			<ymin>161</ymin>
			<ymax>391</ymax>
		</bndbox>
	</object>
	<object>
		<name>Truck</name>
		<pose>Unspecified</pose>
		<truncated>0</truncated>
		<difficult>0</difficult>
		<occluded>0</occluded>
		<bndbox>
			<xmin>48</xmin>
			<xmax>124</xmax>
			<ymin>88</ymin>
			<ymax>179</ymax>
		</bndbox>
	</object>
	<object>
		<name>Truck</name>
		<pose>Unspecified</pose>
		<truncated>0</truncated>
		<difficult>0</difficult>
		<occluded>0</occluded>
		<bndbox>
			<xmin>337</xmin>
			<xmax>369</xmax>
			<ymin>55</ymin>
			<ymax>111</ymax>
		</bndbox>
	</object>
</annotation>
