<annotation>
	<folder></folder>
	<filename>5018711812d0dedc_jpg.rf.24c46ab8033a0da3296fd9a4c4490141.jpg</filename>
	<path>5018711812d0dedc_jpg.rf.24c46ab8033a0da3296fd9a4c4490141.jpg</path>
	<source>
		<database>roboflow.ai</database>
	</source>
	<size>
		<width>416</width>
		<height>416</height>
		<depth>3</depth>
	</size>
	<segmented>0</segmented>
	<object>
		<name>Car</name>
		<pose>Unspecified</pose>
		<truncated>0</truncated>
		<difficult>0</difficult>
		<occluded>0</occluded>
		<bndbox>
			<xmin>7</xmin>
			<xmax>71</xmax>
			<ymin>217</ymin>
			<ymax>309</ymax>
		</bndbox>
	</object>
</annotation>
