<annotation>
	<folder></folder>
	<filename>50254d0ed7df5e01_jpg.rf.a4d34d8011bba8005e1e592940bddd99.jpg</filename>
	<path>50254d0ed7df5e01_jpg.rf.a4d34d8011bba8005e1e592940bddd99.jpg</path>
	<source>
		<database>roboflow.ai</database>
	</source>
	<size>
		<width>416</width>
		<height>416</height>
		<depth>3</depth>
	</size>
	<segmented>0</segmented>
	<object>
		<name>Car</name>
		<pose>Unspecified</pose>
		<truncated>0</truncated>
		<difficult>0</difficult>
		<occluded>0</occluded>
		<bndbox>
			<xmin>61</xmin>
			<xmax>403</xmax>
			<ymin>120</ymin>
			<ymax>301</ymax>
		</bndbox>
	</object>
</annotation>
