<annotation>
	<folder></folder>
	<filename>503173c071165bfb_jpg.rf.59f2292d9132c418c5ac66747b593732.jpg</filename>
	<path>503173c071165bfb_jpg.rf.59f2292d9132c418c5ac66747b593732.jpg</path>
	<source>
		<database>roboflow.ai</database>
	</source>
	<size>
		<width>416</width>
		<height>416</height>
		<depth>3</depth>
	</size>
	<segmented>0</segmented>
	<object>
		<name>Car</name>
		<pose>Unspecified</pose>
		<truncated>0</truncated>
		<difficult>0</difficult>
		<occluded>0</occluded>
		<bndbox>
			<xmin>1</xmin>
			<xmax>417</xmax>
			<ymin>69</ymin>
			<ymax>417</ymax>
		</bndbox>
	</object>
</annotation>
