<annotation>
	<folder></folder>
	<filename>5152a73eea6c7a2e_jpg.rf.07561934b420d3c8bed2c8caee32434b.jpg</filename>
	<path>5152a73eea6c7a2e_jpg.rf.07561934b420d3c8bed2c8caee32434b.jpg</path>
	<source>
		<database>roboflow.ai</database>
	</source>
	<size>
		<width>416</width>
		<height>416</height>
		<depth>3</depth>
	</size>
	<segmented>0</segmented>
	<object>
		<name>Car</name>
		<pose>Unspecified</pose>
		<truncated>0</truncated>
		<difficult>0</difficult>
		<occluded>0</occluded>
		<bndbox>
			<xmin>9</xmin>
			<xmax>417</xmax>
			<ymin>171</ymin>
			<ymax>296</ymax>
		</bndbox>
	</object>
</annotation>
