<annotation>
	<folder></folder>
	<filename>5180d4b18ca6cef4_jpg.rf.09fcb321e2135f73c114b8e5190f666d.jpg</filename>
	<path>5180d4b18ca6cef4_jpg.rf.09fcb321e2135f73c114b8e5190f666d.jpg</path>
	<source>
		<database>roboflow.ai</database>
	</source>
	<size>
		<width>416</width>
		<height>416</height>
		<depth>3</depth>
	</size>
	<segmented>0</segmented>
	<object>
		<name>Truck</name>
		<pose>Unspecified</pose>
		<truncated>0</truncated>
		<difficult>0</difficult>
		<occluded>0</occluded>
		<bndbox>
			<xmin>107</xmin>
			<xmax>344</xmax>
			<ymin>126</ymin>
			<ymax>337</ymax>
		</bndbox>
	</object>
</annotation>
