<annotation>
	<folder></folder>
	<filename>52c0ecb1f2fdebd4_jpg.rf.ee222db6945b61f5993efd6e55f1e1e2.jpg</filename>
	<path>52c0ecb1f2fdebd4_jpg.rf.ee222db6945b61f5993efd6e55f1e1e2.jpg</path>
	<source>
		<database>roboflow.ai</database>
	</source>
	<size>
		<width>416</width>
		<height>416</height>
		<depth>3</depth>
	</size>
	<segmented>0</segmented>
	<object>
		<name>Car</name>
		<pose>Unspecified</pose>
		<truncated>0</truncated>
		<difficult>0</difficult>
		<occluded>0</occluded>
		<bndbox>
			<xmin>45</xmin>
			<xmax>398</xmax>
			<ymin>12</ymin>
			<ymax>407</ymax>
		</bndbox>
	</object>
</annotation>
