<annotation>
	<folder></folder>
	<filename>52ecf401e54ac404_jpg.rf.44dc39dcae8af7901191936225e2f6d9.jpg</filename>
	<path>52ecf401e54ac404_jpg.rf.44dc39dcae8af7901191936225e2f6d9.jpg</path>
	<source>
		<database>roboflow.ai</database>
	</source>
	<size>
		<width>416</width>
		<height>416</height>
		<depth>3</depth>
	</size>
	<segmented>0</segmented>
	<object>
		<name>Ambulance</name>
		<pose>Unspecified</pose>
		<truncated>0</truncated>
		<difficult>0</difficult>
		<occluded>0</occluded>
		<bndbox>
			<xmin>34</xmin>
			<xmax>175</xmax>
			<ymin>155</ymin>
			<ymax>288</ymax>
		</bndbox>
	</object>
	<object>
		<name>Ambulance</name>
		<pose>Unspecified</pose>
		<truncated>0</truncated>
		<difficult>0</difficult>
		<occluded>0</occluded>
		<bndbox>
			<xmin>167</xmin>
			<xmax>278</xmax>
			<ymin>156</ymin>
			<ymax>282</ymax>
		</bndbox>
	</object>
	<object>
		<name>Ambulance</name>
		<pose>Unspecified</pose>
		<truncated>0</truncated>
		<difficult>0</difficult>
		<occluded>0</occluded>
		<bndbox>
			<xmin>281</xmin>
			<xmax>357</xmax>
			<ymin>151</ymin>
			<ymax>272</ymax>
		</bndbox>
	</object>
</annotation>
