<annotation>
	<folder></folder>
	<filename>532953d0fc03d7ac_jpg.rf.2d9b143d9267009e2f9d585e767b8351.jpg</filename>
	<path>532953d0fc03d7ac_jpg.rf.2d9b143d9267009e2f9d585e767b8351.jpg</path>
	<source>
		<database>roboflow.ai</database>
	</source>
	<size>
		<width>416</width>
		<height>416</height>
		<depth>3</depth>
	</size>
	<segmented>0</segmented>
	<object>
		<name>Car</name>
		<pose>Unspecified</pose>
		<truncated>0</truncated>
		<difficult>0</difficult>
		<occluded>0</occluded>
		<bndbox>
			<xmin>1</xmin>
			<xmax>50</xmax>
			<ymin>11</ymin>
			<ymax>51</ymax>
		</bndbox>
	</object>
	<object>
		<name>Car</name>
		<pose>Unspecified</pose>
		<truncated>0</truncated>
		<difficult>0</difficult>
		<occluded>0</occluded>
		<bndbox>
			<xmin>31</xmin>
			<xmax>385</xmax>
			<ymin>41</ymin>
			<ymax>349</ymax>
		</bndbox>
	</object>
	<object>
		<name>Car</name>
		<pose>Unspecified</pose>
		<truncated>0</truncated>
		<difficult>0</difficult>
		<occluded>0</occluded>
		<bndbox>
			<xmin>217</xmin>
			<xmax>278</xmax>
			<ymin>13</ymin>
			<ymax>48</ymax>
		</bndbox>
	</object>
</annotation>
