<annotation>
	<folder></folder>
	<filename>547c1b1416d7b64d_jpg.rf.0122209e71c68545742ad0c7469a0fa7.jpg</filename>
	<path>547c1b1416d7b64d_jpg.rf.0122209e71c68545742ad0c7469a0fa7.jpg</path>
	<source>
		<database>roboflow.ai</database>
	</source>
	<size>
		<width>416</width>
		<height>416</height>
		<depth>3</depth>
	</size>
	<segmented>0</segmented>
	<object>
		<name>Ambulance</name>
		<pose>Unspecified</pose>
		<truncated>0</truncated>
		<difficult>0</difficult>
		<occluded>0</occluded>
		<bndbox>
			<xmin>19</xmin>
			<xmax>395</xmax>
			<ymin>86</ymin>
			<ymax>387</ymax>
		</bndbox>
	</object>
	<object>
		<name>Ambulance</name>
		<pose>Unspecified</pose>
		<truncated>0</truncated>
		<difficult>0</difficult>
		<occluded>0</occluded>
		<bndbox>
			<xmin>302</xmin>
			<xmax>414</xmax>
			<ymin>139</ymin>
			<ymax>280</ymax>
		</bndbox>
	</object>
</annotation>
