<annotation>
	<folder></folder>
	<filename>54b23021927a25d6_jpg.rf.fc82f0e6fb7dd985dafbc4a17fcc879c.jpg</filename>
	<path>54b23021927a25d6_jpg.rf.fc82f0e6fb7dd985dafbc4a17fcc879c.jpg</path>
	<source>
		<database>roboflow.ai</database>
	</source>
	<size>
		<width>416</width>
		<height>416</height>
		<depth>3</depth>
	</size>
	<segmented>0</segmented>
	<object>
		<name>Bus</name>
		<pose>Unspecified</pose>
		<truncated>0</truncated>
		<difficult>0</difficult>
		<occluded>0</occluded>
		<bndbox>
			<xmin>76</xmin>
			<xmax>416</xmax>
			<ymin>1</ymin>
			<ymax>416</ymax>
		</bndbox>
	</object>
</annotation>
