<annotation>
	<folder></folder>
	<filename>552a0d9a0fc92dac_jpg.rf.6ba81056b4bf629904e9c47c8d0711f8.jpg</filename>
	<path>552a0d9a0fc92dac_jpg.rf.6ba81056b4bf629904e9c47c8d0711f8.jpg</path>
	<source>
		<database>roboflow.ai</database>
	</source>
	<size>
		<width>416</width>
		<height>416</height>
		<depth>3</depth>
	</size>
	<segmented>0</segmented>
	<object>
		<name>Car</name>
		<pose>Unspecified</pose>
		<truncated>0</truncated>
		<difficult>0</difficult>
		<occluded>0</occluded>
		<bndbox>
			<xmin>62</xmin>
			<xmax>360</xmax>
			<ymin>156</ymin>
			<ymax>344</ymax>
		</bndbox>
	</object>
	<object>
		<name>Car</name>
		<pose>Unspecified</pose>
		<truncated>0</truncated>
		<difficult>0</difficult>
		<occluded>0</occluded>
		<bndbox>
			<xmin>1</xmin>
			<xmax>49</xmax>
			<ymin>79</ymin>
			<ymax>145</ymax>
		</bndbox>
	</object>
</annotation>
