<annotation>
	<folder></folder>
	<filename>558029647efc23fb_jpg.rf.2754bd90664ec51f76ab7baf006b0af6.jpg</filename>
	<path>558029647efc23fb_jpg.rf.2754bd90664ec51f76ab7baf006b0af6.jpg</path>
	<source>
		<database>roboflow.ai</database>
	</source>
	<size>
		<width>416</width>
		<height>416</height>
		<depth>3</depth>
	</size>
	<segmented>0</segmented>
	<object>
		<name>Car</name>
		<pose>Unspecified</pose>
		<truncated>0</truncated>
		<difficult>0</difficult>
		<occluded>0</occluded>
		<bndbox>
			<xmin>1</xmin>
			<xmax>45</xmax>
			<ymin>56</ymin>
			<ymax>97</ymax>
		</bndbox>
	</object>
	<object>
		<name>Car</name>
		<pose>Unspecified</pose>
		<truncated>0</truncated>
		<difficult>0</difficult>
		<occluded>0</occluded>
		<bndbox>
			<xmin>1</xmin>
			<xmax>125</xmax>
			<ymin>59</ymin>
			<ymax>130</ymax>
		</bndbox>
	</object>
	<object>
		<name>Car</name>
		<pose>Unspecified</pose>
		<truncated>0</truncated>
		<difficult>0</difficult>
		<occluded>0</occluded>
		<bndbox>
			<xmin>1</xmin>
			<xmax>224</xmax>
			<ymin>74</ymin>
			<ymax>221</ymax>
		</bndbox>
	</object>
	<object>
		<name>Car</name>
		<pose>Unspecified</pose>
		<truncated>0</truncated>
		<difficult>0</difficult>
		<occluded>0</occluded>
		<bndbox>
			<xmin>25</xmin>
			<xmax>399</xmax>
			<ymin>49</ymin>
			<ymax>355</ymax>
		</bndbox>
	</object>
</annotation>
