<annotation>
	<folder></folder>
	<filename>5590428f2b873b65_jpg.rf.897798d84343e7d5fce0763e4d5accdd.jpg</filename>
	<path>5590428f2b873b65_jpg.rf.897798d84343e7d5fce0763e4d5accdd.jpg</path>
	<source>
		<database>roboflow.ai</database>
	</source>
	<size>
		<width>416</width>
		<height>416</height>
		<depth>3</depth>
	</size>
	<segmented>0</segmented>
	<object>
		<name>Bus</name>
		<pose>Unspecified</pose>
		<truncated>0</truncated>
		<difficult>0</difficult>
		<occluded>0</occluded>
		<bndbox>
			<xmin>1</xmin>
			<xmax>148</xmax>
			<ymin>21</ymin>
			<ymax>364</ymax>
		</bndbox>
	</object>
	<object>
		<name>Bus</name>
		<pose>Unspecified</pose>
		<truncated>0</truncated>
		<difficult>0</difficult>
		<occluded>0</occluded>
		<bndbox>
			<xmin>135</xmin>
			<xmax>313</xmax>
			<ymin>44</ymin>
			<ymax>355</ymax>
		</bndbox>
	</object>
	<object>
		<name>Bus</name>
		<pose>Unspecified</pose>
		<truncated>0</truncated>
		<difficult>0</difficult>
		<occluded>0</occluded>
		<bndbox>
			<xmin>271</xmin>
			<xmax>417</xmax>
			<ymin>28</ymin>
			<ymax>340</ymax>
		</bndbox>
	</object>
</annotation>
