<annotation>
	<folder></folder>
	<filename>559a81baaab7e2df_jpg.rf.ec21a4579dedf36f160bba90e62c448b.jpg</filename>
	<path>559a81baaab7e2df_jpg.rf.ec21a4579dedf36f160bba90e62c448b.jpg</path>
	<source>
		<database>roboflow.ai</database>
	</source>
	<size>
		<width>416</width>
		<height>416</height>
		<depth>3</depth>
	</size>
	<segmented>0</segmented>
	<object>
		<name>Motorcycle</name>
		<pose>Unspecified</pose>
		<truncated>0</truncated>
		<difficult>0</difficult>
		<occluded>0</occluded>
		<bndbox>
			<xmin>199</xmin>
			<xmax>260</xmax>
			<ymin>99</ymin>
			<ymax>185</ymax>
		</bndbox>
	</object>
	<object>
		<name>Motorcycle</name>
		<pose>Unspecified</pose>
		<truncated>0</truncated>
		<difficult>0</difficult>
		<occluded>0</occluded>
		<bndbox>
			<xmin>203</xmin>
			<xmax>297</xmax>
			<ymin>95</ymin>
			<ymax>381</ymax>
		</bndbox>
	</object>
	<object>
		<name>Motorcycle</name>
		<pose>Unspecified</pose>
		<truncated>0</truncated>
		<difficult>0</difficult>
		<occluded>0</occluded>
		<bndbox>
			<xmin>329</xmin>
			<xmax>360</xmax>
			<ymin>85</ymin>
			<ymax>133</ymax>
		</bndbox>
	</object>
</annotation>
