<annotation>
	<folder></folder>
	<filename>565e7dc789a437be_jpg.rf.cd77608f06e0b7bb9e55062451c51aa3.jpg</filename>
	<path>565e7dc789a437be_jpg.rf.cd77608f06e0b7bb9e55062451c51aa3.jpg</path>
	<source>
		<database>roboflow.ai</database>
	</source>
	<size>
		<width>416</width>
		<height>416</height>
		<depth>3</depth>
	</size>
	<segmented>0</segmented>
	<object>
		<name>Ambulance</name>
		<pose>Unspecified</pose>
		<truncated>0</truncated>
		<difficult>0</difficult>
		<occluded>0</occluded>
		<bndbox>
			<xmin>1</xmin>
			<xmax>305</xmax>
			<ymin>53</ymin>
			<ymax>268</ymax>
		</bndbox>
	</object>
</annotation>
