<annotation>
	<folder></folder>
	<filename>56eaa673deaa0765_jpg.rf.086640124ed9cb0c716b18d56dbec37f.jpg</filename>
	<path>56eaa673deaa0765_jpg.rf.086640124ed9cb0c716b18d56dbec37f.jpg</path>
	<source>
		<database>roboflow.ai</database>
	</source>
	<size>
		<width>416</width>
		<height>416</height>
		<depth>3</depth>
	</size>
	<segmented>0</segmented>
	<object>
		<name>Motorcycle</name>
		<pose>Unspecified</pose>
		<truncated>0</truncated>
		<difficult>0</difficult>
		<occluded>0</occluded>
		<bndbox>
			<xmin>188</xmin>
			<xmax>336</xmax>
			<ymin>139</ymin>
			<ymax>377</ymax>
		</bndbox>
	</object>
</annotation>
