<annotation>
	<folder></folder>
	<filename>57543cd50708f4d3_jpg.rf.c6571f852863502fe5a37f5beff918bb.jpg</filename>
	<path>57543cd50708f4d3_jpg.rf.c6571f852863502fe5a37f5beff918bb.jpg</path>
	<source>
		<database>roboflow.ai</database>
	</source>
	<size>
		<width>416</width>
		<height>416</height>
		<depth>3</depth>
	</size>
	<segmented>0</segmented>
	<object>
		<name>Car</name>
		<pose>Unspecified</pose>
		<truncated>0</truncated>
		<difficult>0</difficult>
		<occluded>0</occluded>
		<bndbox>
			<xmin>47</xmin>
			<xmax>323</xmax>
			<ymin>41</ymin>
			<ymax>273</ymax>
		</bndbox>
	</object>
</annotation>
