<annotation>
	<folder></folder>
	<filename>57876987d6d7944a_jpg.rf.decf50b5a445f454875586f2379aac3e.jpg</filename>
	<path>57876987d6d7944a_jpg.rf.decf50b5a445f454875586f2379aac3e.jpg</path>
	<source>
		<database>roboflow.ai</database>
	</source>
	<size>
		<width>416</width>
		<height>416</height>
		<depth>3</depth>
	</size>
	<segmented>0</segmented>
	<object>
		<name>Bus</name>
		<pose>Unspecified</pose>
		<truncated>0</truncated>
		<difficult>0</difficult>
		<occluded>0</occluded>
		<bndbox>
			<xmin>2</xmin>
			<xmax>61</xmax>
			<ymin>133</ymin>
			<ymax>326</ymax>
		</bndbox>
	</object>
	<object>
		<name>Bus</name>
		<pose>Unspecified</pose>
		<truncated>0</truncated>
		<difficult>0</difficult>
		<occluded>0</occluded>
		<bndbox>
			<xmin>16</xmin>
			<xmax>195</xmax>
			<ymin>76</ymin>
			<ymax>351</ymax>
		</bndbox>
	</object>
	<object>
		<name>Bus</name>
		<pose>Unspecified</pose>
		<truncated>0</truncated>
		<difficult>0</difficult>
		<occluded>0</occluded>
		<bndbox>
			<xmin>187</xmin>
			<xmax>417</xmax>
			<ymin>29</ymin>
			<ymax>379</ymax>
		</bndbox>
	</object>
</annotation>
