<annotation>
	<folder></folder>
	<filename>578e78c69be76ff9_jpg.rf.622a5dd590ba86770df400d7170715c6.jpg</filename>
	<path>578e78c69be76ff9_jpg.rf.622a5dd590ba86770df400d7170715c6.jpg</path>
	<source>
		<database>roboflow.ai</database>
	</source>
	<size>
		<width>416</width>
		<height>416</height>
		<depth>3</depth>
	</size>
	<segmented>0</segmented>
	<object>
		<name>Car</name>
		<pose>Unspecified</pose>
		<truncated>0</truncated>
		<difficult>0</difficult>
		<occluded>0</occluded>
		<bndbox>
			<xmin>1</xmin>
			<xmax>8</xmax>
			<ymin>180</ymin>
			<ymax>220</ymax>
		</bndbox>
	</object>
	<object>
		<name>Car</name>
		<pose>Unspecified</pose>
		<truncated>0</truncated>
		<difficult>0</difficult>
		<occluded>0</occluded>
		<bndbox>
			<xmin>4</xmin>
			<xmax>21</xmax>
			<ymin>173</ymin>
			<ymax>236</ymax>
		</bndbox>
	</object>
</annotation>
