<annotation>
	<folder></folder>
	<filename>58d3e22c4c0d038d_jpg.rf.3318fe5cdf384ed09c6c7ccc1eb128a2.jpg</filename>
	<path>58d3e22c4c0d038d_jpg.rf.3318fe5cdf384ed09c6c7ccc1eb128a2.jpg</path>
	<source>
		<database>roboflow.ai</database>
	</source>
	<size>
		<width>416</width>
		<height>416</height>
		<depth>3</depth>
	</size>
	<segmented>0</segmented>
	<object>
		<name>Car</name>
		<pose>Unspecified</pose>
		<truncated>0</truncated>
		<difficult>0</difficult>
		<occluded>0</occluded>
		<bndbox>
			<xmin>11</xmin>
			<xmax>412</xmax>
			<ymin>11</ymin>
			<ymax>414</ymax>
		</bndbox>
	</object>
</annotation>
