<annotation>
	<folder></folder>
	<filename>592e3df4fde8793d_jpg.rf.4dff20c79f5da6afa993f1ed86fa95f0.jpg</filename>
	<path>592e3df4fde8793d_jpg.rf.4dff20c79f5da6afa993f1ed86fa95f0.jpg</path>
	<source>
		<database>roboflow.ai</database>
	</source>
	<size>
		<width>416</width>
		<height>416</height>
		<depth>3</depth>
	</size>
	<segmented>0</segmented>
	<object>
		<name>Car</name>
		<pose>Unspecified</pose>
		<truncated>0</truncated>
		<difficult>0</difficult>
		<occluded>0</occluded>
		<bndbox>
			<xmin>148</xmin>
			<xmax>208</xmax>
			<ymin>180</ymin>
			<ymax>254</ymax>
		</bndbox>
	</object>
	<object>
		<name>Car</name>
		<pose>Unspecified</pose>
		<truncated>0</truncated>
		<difficult>0</difficult>
		<occluded>0</occluded>
		<bndbox>
			<xmin>210</xmin>
			<xmax>232</xmax>
			<ymin>180</ymin>
			<ymax>206</ymax>
		</bndbox>
	</object>
	<object>
		<name>Car</name>
		<pose>Unspecified</pose>
		<truncated>0</truncated>
		<difficult>0</difficult>
		<occluded>0</occluded>
		<bndbox>
			<xmin>264</xmin>
			<xmax>277</xmax>
			<ymin>173</ymin>
			<ymax>179</ymax>
		</bndbox>
	</object>
	<object>
		<name>Car</name>
		<pose>Unspecified</pose>
		<truncated>0</truncated>
		<difficult>0</difficult>
		<occluded>0</occluded>
		<bndbox>
			<xmin>266</xmin>
			<xmax>280</xmax>
			<ymin>178</ymin>
			<ymax>197</ymax>
		</bndbox>
	</object>
</annotation>
