<annotation>
	<folder></folder>
	<filename>5b0f57b9bad38bc2_jpg.rf.c2fc9a26c61e88e6ebbc24e8001cbda4.jpg</filename>
	<path>5b0f57b9bad38bc2_jpg.rf.c2fc9a26c61e88e6ebbc24e8001cbda4.jpg</path>
	<source>
		<database>roboflow.ai</database>
	</source>
	<size>
		<width>416</width>
		<height>416</height>
		<depth>3</depth>
	</size>
	<segmented>0</segmented>
	<object>
		<name>Ambulance</name>
		<pose>Unspecified</pose>
		<truncated>0</truncated>
		<difficult>0</difficult>
		<occluded>0</occluded>
		<bndbox>
			<xmin>42</xmin>
			<xmax>359</xmax>
			<ymin>45</ymin>
			<ymax>391</ymax>
		</bndbox>
	</object>
</annotation>
