<annotation>
	<folder></folder>
	<filename>5be6fbdc2835aa92_jpg.rf.4d250f8208d7b15bbd3af01188a2ce0e.jpg</filename>
	<path>5be6fbdc2835aa92_jpg.rf.4d250f8208d7b15bbd3af01188a2ce0e.jpg</path>
	<source>
		<database>roboflow.ai</database>
	</source>
	<size>
		<width>416</width>
		<height>416</height>
		<depth>3</depth>
	</size>
	<segmented>0</segmented>
	<object>
		<name>Motorcycle</name>
		<pose>Unspecified</pose>
		<truncated>0</truncated>
		<difficult>0</difficult>
		<occluded>0</occluded>
		<bndbox>
			<xmin>60</xmin>
			<xmax>365</xmax>
			<ymin>45</ymin>
			<ymax>372</ymax>
		</bndbox>
	</object>
</annotation>
