<annotation>
	<folder></folder>
	<filename>5be78746b65e3113_jpg.rf.82e6064719a9887337b750db6966eb4c.jpg</filename>
	<path>5be78746b65e3113_jpg.rf.82e6064719a9887337b750db6966eb4c.jpg</path>
	<source>
		<database>roboflow.ai</database>
	</source>
	<size>
		<width>416</width>
		<height>416</height>
		<depth>3</depth>
	</size>
	<segmented>0</segmented>
	<object>
		<name>Ambulance</name>
		<pose>Unspecified</pose>
		<truncated>0</truncated>
		<difficult>0</difficult>
		<occluded>0</occluded>
		<bndbox>
			<xmin>1</xmin>
			<xmax>36</xmax>
			<ymin>149</ymin>
			<ymax>257</ymax>
		</bndbox>
	</object>
	<object>
		<name>Ambulance</name>
		<pose>Unspecified</pose>
		<truncated>0</truncated>
		<difficult>0</difficult>
		<occluded>0</occluded>
		<bndbox>
			<xmin>51</xmin>
			<xmax>235</xmax>
			<ymin>110</ymin>
			<ymax>269</ymax>
		</bndbox>
	</object>
	<object>
		<name>Ambulance</name>
		<pose>Unspecified</pose>
		<truncated>0</truncated>
		<difficult>0</difficult>
		<occluded>0</occluded>
		<bndbox>
			<xmin>181</xmin>
			<xmax>362</xmax>
			<ymin>117</ymin>
			<ymax>270</ymax>
		</bndbox>
	</object>
</annotation>
