<annotation>
	<folder></folder>
	<filename>5c965b7eec9de038_jpg.rf.631a9fd6669016f7c1648d6aacf26131.jpg</filename>
	<path>5c965b7eec9de038_jpg.rf.631a9fd6669016f7c1648d6aacf26131.jpg</path>
	<source>
		<database>roboflow.ai</database>
	</source>
	<size>
		<width>416</width>
		<height>416</height>
		<depth>3</depth>
	</size>
	<segmented>0</segmented>
	<object>
		<name>Bus</name>
		<pose>Unspecified</pose>
		<truncated>0</truncated>
		<difficult>0</difficult>
		<occluded>0</occluded>
		<bndbox>
			<xmin>1</xmin>
			<xmax>406</xmax>
			<ymin>1</ymin>
			<ymax>417</ymax>
		</bndbox>
	</object>
</annotation>
