<annotation>
	<folder></folder>
	<filename>5cba43398b2ecbb0_jpg.rf.a3607529dac304417df8af9fd188169f.jpg</filename>
	<path>5cba43398b2ecbb0_jpg.rf.a3607529dac304417df8af9fd188169f.jpg</path>
	<source>
		<database>roboflow.ai</database>
	</source>
	<size>
		<width>416</width>
		<height>416</height>
		<depth>3</depth>
	</size>
	<segmented>0</segmented>
	<object>
		<name>Car</name>
		<pose>Unspecified</pose>
		<truncated>0</truncated>
		<difficult>0</difficult>
		<occluded>0</occluded>
		<bndbox>
			<xmin>18</xmin>
			<xmax>388</xmax>
			<ymin>143</ymin>
			<ymax>282</ymax>
		</bndbox>
	</object>
	<object>
		<name>Car</name>
		<pose>Unspecified</pose>
		<truncated>0</truncated>
		<difficult>0</difficult>
		<occluded>0</occluded>
		<bndbox>
			<xmin>33</xmin>
			<xmax>192</xmax>
			<ymin>37</ymin>
			<ymax>108</ymax>
		</bndbox>
	</object>
	<object>
		<name>Car</name>
		<pose>Unspecified</pose>
		<truncated>0</truncated>
		<difficult>0</difficult>
		<occluded>0</occluded>
		<bndbox>
			<xmin>151</xmin>
			<xmax>373</xmax>
			<ymin>54</ymin>
			<ymax>144</ymax>
		</bndbox>
	</object>
</annotation>
