<annotation>
	<folder></folder>
	<filename>5d06268dea00edf0_jpg.rf.a1b9a7089850198bfb12c6d8652dc5d9.jpg</filename>
	<path>5d06268dea00edf0_jpg.rf.a1b9a7089850198bfb12c6d8652dc5d9.jpg</path>
	<source>
		<database>roboflow.ai</database>
	</source>
	<size>
		<width>416</width>
		<height>416</height>
		<depth>3</depth>
	</size>
	<segmented>0</segmented>
	<object>
		<name>Car</name>
		<pose>Unspecified</pose>
		<truncated>0</truncated>
		<difficult>0</difficult>
		<occluded>0</occluded>
		<bndbox>
			<xmin>37</xmin>
			<xmax>372</xmax>
			<ymin>175</ymin>
			<ymax>327</ymax>
		</bndbox>
	</object>
</annotation>
