<annotation>
	<folder></folder>
	<filename>5dc06abba45063b5_jpg.rf.8519aad6d1c955f81bc294438c8fdc01.jpg</filename>
	<path>5dc06abba45063b5_jpg.rf.8519aad6d1c955f81bc294438c8fdc01.jpg</path>
	<source>
		<database>roboflow.ai</database>
	</source>
	<size>
		<width>416</width>
		<height>416</height>
		<depth>3</depth>
	</size>
	<segmented>0</segmented>
	<object>
		<name>Truck</name>
		<pose>Unspecified</pose>
		<truncated>0</truncated>
		<difficult>0</difficult>
		<occluded>0</occluded>
		<bndbox>
			<xmin>64</xmin>
			<xmax>342</xmax>
			<ymin>113</ymin>
			<ymax>357</ymax>
		</bndbox>
	</object>
</annotation>
