<annotation>
	<folder></folder>
	<filename>5e61a07f1d23ec8d_jpg.rf.4b872410612d6b4e416bb37b7f0d0387.jpg</filename>
	<path>5e61a07f1d23ec8d_jpg.rf.4b872410612d6b4e416bb37b7f0d0387.jpg</path>
	<source>
		<database>roboflow.ai</database>
	</source>
	<size>
		<width>416</width>
		<height>416</height>
		<depth>3</depth>
	</size>
	<segmented>0</segmented>
	<object>
		<name>Ambulance</name>
		<pose>Unspecified</pose>
		<truncated>0</truncated>
		<difficult>0</difficult>
		<occluded>0</occluded>
		<bndbox>
			<xmin>83</xmin>
			<xmax>337</xmax>
			<ymin>87</ymin>
			<ymax>316</ymax>
		</bndbox>
	</object>
</annotation>
