<annotation>
	<folder></folder>
	<filename>5e6f7b535e8045e0_jpg.rf.883833aa28fd4c34893d13bf6a2e1ad6.jpg</filename>
	<path>5e6f7b535e8045e0_jpg.rf.883833aa28fd4c34893d13bf6a2e1ad6.jpg</path>
	<source>
		<database>roboflow.ai</database>
	</source>
	<size>
		<width>416</width>
		<height>416</height>
		<depth>3</depth>
	</size>
	<segmented>0</segmented>
	<object>
		<name>Car</name>
		<pose>Unspecified</pose>
		<truncated>0</truncated>
		<difficult>0</difficult>
		<occluded>0</occluded>
		<bndbox>
			<xmin>32</xmin>
			<xmax>395</xmax>
			<ymin>22</ymin>
			<ymax>402</ymax>
		</bndbox>
	</object>
</annotation>
