<annotation>
	<folder></folder>
	<filename>6137a6a4591d9977_jpg.rf.a327f384e4735c2b4c463c1eb5d1a2d5.jpg</filename>
	<path>6137a6a4591d9977_jpg.rf.a327f384e4735c2b4c463c1eb5d1a2d5.jpg</path>
	<source>
		<database>roboflow.ai</database>
	</source>
	<size>
		<width>416</width>
		<height>416</height>
		<depth>3</depth>
	</size>
	<segmented>0</segmented>
	<object>
		<name>Motorcycle</name>
		<pose>Unspecified</pose>
		<truncated>0</truncated>
		<difficult>0</difficult>
		<occluded>0</occluded>
		<bndbox>
			<xmin>1</xmin>
			<xmax>410</xmax>
			<ymin>75</ymin>
			<ymax>417</ymax>
		</bndbox>
	</object>
	<object>
		<name>Motorcycle</name>
		<pose>Unspecified</pose>
		<truncated>0</truncated>
		<difficult>0</difficult>
		<occluded>0</occluded>
		<bndbox>
			<xmin>220</xmin>
			<xmax>416</xmax>
			<ymin>126</ymin>
			<ymax>301</ymax>
		</bndbox>
	</object>
</annotation>
