<annotation>
	<folder></folder>
	<filename>61940061f7f0f8a8_jpg.rf.acba87fad66de4a234eb25c9399f69d7.jpg</filename>
	<path>61940061f7f0f8a8_jpg.rf.acba87fad66de4a234eb25c9399f69d7.jpg</path>
	<source>
		<database>roboflow.ai</database>
	</source>
	<size>
		<width>416</width>
		<height>416</height>
		<depth>3</depth>
	</size>
	<segmented>0</segmented>
	<object>
		<name>Motorcycle</name>
		<pose>Unspecified</pose>
		<truncated>0</truncated>
		<difficult>0</difficult>
		<occluded>0</occluded>
		<bndbox>
			<xmin>1</xmin>
			<xmax>339</xmax>
			<ymin>204</ymin>
			<ymax>417</ymax>
		</bndbox>
	</object>
</annotation>
