<annotation>
	<folder></folder>
	<filename>62095bcc48bd06cf_jpg.rf.e99e38b7aecc08dce73f05f0d735ac2b.jpg</filename>
	<path>62095bcc48bd06cf_jpg.rf.e99e38b7aecc08dce73f05f0d735ac2b.jpg</path>
	<source>
		<database>roboflow.ai</database>
	</source>
	<size>
		<width>416</width>
		<height>416</height>
		<depth>3</depth>
	</size>
	<segmented>0</segmented>
	<object>
		<name>Car</name>
		<pose>Unspecified</pose>
		<truncated>0</truncated>
		<difficult>0</difficult>
		<occluded>0</occluded>
		<bndbox>
			<xmin>1</xmin>
			<xmax>52</xmax>
			<ymin>292</ymin>
			<ymax>394</ymax>
		</bndbox>
	</object>
	<object>
		<name>Car</name>
		<pose>Unspecified</pose>
		<truncated>0</truncated>
		<difficult>0</difficult>
		<occluded>0</occluded>
		<bndbox>
			<xmin>106</xmin>
			<xmax>417</xmax>
			<ymin>254</ymin>
			<ymax>417</ymax>
		</bndbox>
	</object>
</annotation>
