<annotation>
	<folder></folder>
	<filename>62cde588a7e31a28_jpg.rf.59aa7b9daf4b55a33feb694ba0b80273.jpg</filename>
	<path>62cde588a7e31a28_jpg.rf.59aa7b9daf4b55a33feb694ba0b80273.jpg</path>
	<source>
		<database>roboflow.ai</database>
	</source>
	<size>
		<width>416</width>
		<height>416</height>
		<depth>3</depth>
	</size>
	<segmented>0</segmented>
	<object>
		<name>Car</name>
		<pose>Unspecified</pose>
		<truncated>0</truncated>
		<difficult>0</difficult>
		<occluded>0</occluded>
		<bndbox>
			<xmin>72</xmin>
			<xmax>206</xmax>
			<ymin>137</ymin>
			<ymax>241</ymax>
		</bndbox>
	</object>
	<object>
		<name>Car</name>
		<pose>Unspecified</pose>
		<truncated>0</truncated>
		<difficult>0</difficult>
		<occluded>0</occluded>
		<bndbox>
			<xmin>104</xmin>
			<xmax>167</xmax>
			<ymin>52</ymin>
			<ymax>94</ymax>
		</bndbox>
	</object>
</annotation>
