<annotation>
	<folder></folder>
	<filename>632bd6855da8a1ea_jpg.rf.cd2d8bc3c49840fa385cc429017faca2.jpg</filename>
	<path>632bd6855da8a1ea_jpg.rf.cd2d8bc3c49840fa385cc429017faca2.jpg</path>
	<source>
		<database>roboflow.ai</database>
	</source>
	<size>
		<width>416</width>
		<height>416</height>
		<depth>3</depth>
	</size>
	<segmented>0</segmented>
	<object>
		<name>Motorcycle</name>
		<pose>Unspecified</pose>
		<truncated>0</truncated>
		<difficult>0</difficult>
		<occluded>0</occluded>
		<bndbox>
			<xmin>22</xmin>
			<xmax>407</xmax>
			<ymin>19</ymin>
			<ymax>387</ymax>
		</bndbox>
	</object>
</annotation>
