<annotation>
	<folder></folder>
	<filename>6369f9d6c2bfab75_jpg.rf.47a043f6600b4db0b015d9d0ff593056.jpg</filename>
	<path>6369f9d6c2bfab75_jpg.rf.47a043f6600b4db0b015d9d0ff593056.jpg</path>
	<source>
		<database>roboflow.ai</database>
	</source>
	<size>
		<width>416</width>
		<height>416</height>
		<depth>3</depth>
	</size>
	<segmented>0</segmented>
	<object>
		<name>Truck</name>
		<pose>Unspecified</pose>
		<truncated>0</truncated>
		<difficult>0</difficult>
		<occluded>0</occluded>
		<bndbox>
			<xmin>1</xmin>
			<xmax>124</xmax>
			<ymin>35</ymin>
			<ymax>122</ymax>
		</bndbox>
	</object>
</annotation>
