<annotation>
	<folder></folder>
	<filename>63c912059a45468b_jpg.rf.ecd5e50a2a9ad271e3463fc8ddae3d16.jpg</filename>
	<path>63c912059a45468b_jpg.rf.ecd5e50a2a9ad271e3463fc8ddae3d16.jpg</path>
	<source>
		<database>roboflow.ai</database>
	</source>
	<size>
		<width>416</width>
		<height>416</height>
		<depth>3</depth>
	</size>
	<segmented>0</segmented>
	<object>
		<name>Truck</name>
		<pose>Unspecified</pose>
		<truncated>0</truncated>
		<difficult>0</difficult>
		<occluded>0</occluded>
		<bndbox>
			<xmin>279</xmin>
			<xmax>343</xmax>
			<ymin>118</ymin>
			<ymax>216</ymax>
		</bndbox>
	</object>
</annotation>
