<annotation>
	<folder></folder>
	<filename>63ea081863347bfe_jpg.rf.6e67bd7075c8225ddde720fba40b87ce.jpg</filename>
	<path>63ea081863347bfe_jpg.rf.6e67bd7075c8225ddde720fba40b87ce.jpg</path>
	<source>
		<database>roboflow.ai</database>
	</source>
	<size>
		<width>416</width>
		<height>416</height>
		<depth>3</depth>
	</size>
	<segmented>0</segmented>
	<object>
		<name>Motorcycle</name>
		<pose>Unspecified</pose>
		<truncated>0</truncated>
		<difficult>0</difficult>
		<occluded>0</occluded>
		<bndbox>
			<xmin>2</xmin>
			<xmax>416</xmax>
			<ymin>7</ymin>
			<ymax>405</ymax>
		</bndbox>
	</object>
	<object>
		<name>Motorcycle</name>
		<pose>Unspecified</pose>
		<truncated>0</truncated>
		<difficult>0</difficult>
		<occluded>0</occluded>
		<bndbox>
			<xmin>287</xmin>
			<xmax>415</xmax>
			<ymin>10</ymin>
			<ymax>256</ymax>
		</bndbox>
	</object>
</annotation>
