<annotation>
	<folder></folder>
	<filename>63ee0ce9f69bf8e5_jpg.rf.43d448a0ada85e0a60cf6fbb73ed1b26.jpg</filename>
	<path>63ee0ce9f69bf8e5_jpg.rf.43d448a0ada85e0a60cf6fbb73ed1b26.jpg</path>
	<source>
		<database>roboflow.ai</database>
	</source>
	<size>
		<width>416</width>
		<height>416</height>
		<depth>3</depth>
	</size>
	<segmented>0</segmented>
	<object>
		<name>Ambulance</name>
		<pose>Unspecified</pose>
		<truncated>0</truncated>
		<difficult>0</difficult>
		<occluded>0</occluded>
		<bndbox>
			<xmin>69</xmin>
			<xmax>353</xmax>
			<ymin>131</ymin>
			<ymax>329</ymax>
		</bndbox>
	</object>
</annotation>
