<annotation>
	<folder></folder>
	<filename>646a24cf7ab571e1_jpg.rf.e0ed764616b9405c2d7844521b7b566c.jpg</filename>
	<path>646a24cf7ab571e1_jpg.rf.e0ed764616b9405c2d7844521b7b566c.jpg</path>
	<source>
		<database>roboflow.ai</database>
	</source>
	<size>
		<width>416</width>
		<height>416</height>
		<depth>3</depth>
	</size>
	<segmented>0</segmented>
	<object>
		<name>Truck</name>
		<pose>Unspecified</pose>
		<truncated>0</truncated>
		<difficult>0</difficult>
		<occluded>0</occluded>
		<bndbox>
			<xmin>216</xmin>
			<xmax>391</xmax>
			<ymin>143</ymin>
			<ymax>376</ymax>
		</bndbox>
	</object>
</annotation>
