<annotation>
	<folder></folder>
	<filename>648ec06369820594_jpg.rf.94cf4c7b32bbad96b64d312e508a2f11.jpg</filename>
	<path>648ec06369820594_jpg.rf.94cf4c7b32bbad96b64d312e508a2f11.jpg</path>
	<source>
		<database>roboflow.ai</database>
	</source>
	<size>
		<width>416</width>
		<height>416</height>
		<depth>3</depth>
	</size>
	<segmented>0</segmented>
	<object>
		<name>Car</name>
		<pose>Unspecified</pose>
		<truncated>0</truncated>
		<difficult>0</difficult>
		<occluded>0</occluded>
		<bndbox>
			<xmin>3</xmin>
			<xmax>62</xmax>
			<ymin>159</ymin>
			<ymax>376</ymax>
		</bndbox>
	</object>
</annotation>
