<annotation>
	<folder></folder>
	<filename>64e4fa9ae5bc1603_jpg.rf.eeb42bfedb468ffd8e1d6cb1cc62ac2a.jpg</filename>
	<path>64e4fa9ae5bc1603_jpg.rf.eeb42bfedb468ffd8e1d6cb1cc62ac2a.jpg</path>
	<source>
		<database>roboflow.ai</database>
	</source>
	<size>
		<width>416</width>
		<height>416</height>
		<depth>3</depth>
	</size>
	<segmented>0</segmented>
	<object>
		<name>Car</name>
		<pose>Unspecified</pose>
		<truncated>0</truncated>
		<difficult>0</difficult>
		<occluded>0</occluded>
		<bndbox>
			<xmin>1</xmin>
			<xmax>53</xmax>
			<ymin>244</ymin>
			<ymax>314</ymax>
		</bndbox>
	</object>
	<object>
		<name>Car</name>
		<pose>Unspecified</pose>
		<truncated>0</truncated>
		<difficult>0</difficult>
		<occluded>0</occluded>
		<bndbox>
			<xmin>48</xmin>
			<xmax>194</xmax>
			<ymin>240</ymin>
			<ymax>324</ymax>
		</bndbox>
	</object>
</annotation>
