<annotation>
	<folder></folder>
	<filename>6530d0782d211876_jpg.rf.86664d09e28079050a14f945a8b2a569.jpg</filename>
	<path>6530d0782d211876_jpg.rf.86664d09e28079050a14f945a8b2a569.jpg</path>
	<source>
		<database>roboflow.ai</database>
	</source>
	<size>
		<width>416</width>
		<height>416</height>
		<depth>3</depth>
	</size>
	<segmented>0</segmented>
	<object>
		<name>Car</name>
		<pose>Unspecified</pose>
		<truncated>0</truncated>
		<difficult>0</difficult>
		<occluded>0</occluded>
		<bndbox>
			<xmin>68</xmin>
			<xmax>379</xmax>
			<ymin>76</ymin>
			<ymax>397</ymax>
		</bndbox>
	</object>
	<object>
		<name>Car</name>
		<pose>Unspecified</pose>
		<truncated>0</truncated>
		<difficult>0</difficult>
		<occluded>0</occluded>
		<bndbox>
			<xmin>1</xmin>
			<xmax>66</xmax>
			<ymin>197</ymin>
			<ymax>417</ymax>
		</bndbox>
	</object>
	<object>
		<name>Car</name>
		<pose>Unspecified</pose>
		<truncated>0</truncated>
		<difficult>0</difficult>
		<occluded>0</occluded>
		<bndbox>
			<xmin>218</xmin>
			<xmax>417</xmax>
			<ymin>53</ymin>
			<ymax>268</ymax>
		</bndbox>
	</object>
</annotation>
