<annotation>
	<folder></folder>
	<filename>657d44f93fb646b3_jpg.rf.3c79a02f879aaf7268b3711ba40d7bf0.jpg</filename>
	<path>657d44f93fb646b3_jpg.rf.3c79a02f879aaf7268b3711ba40d7bf0.jpg</path>
	<source>
		<database>roboflow.ai</database>
	</source>
	<size>
		<width>416</width>
		<height>416</height>
		<depth>3</depth>
	</size>
	<segmented>0</segmented>
	<object>
		<name>Truck</name>
		<pose>Unspecified</pose>
		<truncated>0</truncated>
		<difficult>0</difficult>
		<occluded>0</occluded>
		<bndbox>
			<xmin>54</xmin>
			<xmax>394</xmax>
			<ymin>7</ymin>
			<ymax>411</ymax>
		</bndbox>
	</object>
</annotation>
