<annotation>
	<folder></folder>
	<filename>65e29a38268145a8_jpg.rf.0f569cb5b1dfa68917af897d611da6e0.jpg</filename>
	<path>65e29a38268145a8_jpg.rf.0f569cb5b1dfa68917af897d611da6e0.jpg</path>
	<source>
		<database>roboflow.ai</database>
	</source>
	<size>
		<width>416</width>
		<height>416</height>
		<depth>3</depth>
	</size>
	<segmented>0</segmented>
	<object>
		<name>Car</name>
		<pose>Unspecified</pose>
		<truncated>0</truncated>
		<difficult>0</difficult>
		<occluded>0</occluded>
		<bndbox>
			<xmin>44</xmin>
			<xmax>404</xmax>
			<ymin>28</ymin>
			<ymax>393</ymax>
		</bndbox>
	</object>
	<object>
		<name>Car</name>
		<pose>Unspecified</pose>
		<truncated>0</truncated>
		<difficult>0</difficult>
		<occluded>0</occluded>
		<bndbox>
			<xmin>264</xmin>
			<xmax>416</xmax>
			<ymin>87</ymin>
			<ymax>238</ymax>
		</bndbox>
	</object>
	<object>
		<name>Car</name>
		<pose>Unspecified</pose>
		<truncated>0</truncated>
		<difficult>0</difficult>
		<occluded>0</occluded>
		<bndbox>
			<xmin>372</xmin>
			<xmax>416</xmax>
			<ymin>87</ymin>
			<ymax>145</ymax>
		</bndbox>
	</object>
</annotation>
