<annotation>
	<folder></folder>
	<filename>66f8fb08aec69f56_jpg.rf.23c613c8b1331b976d8e1cc95ec69696.jpg</filename>
	<path>66f8fb08aec69f56_jpg.rf.23c613c8b1331b976d8e1cc95ec69696.jpg</path>
	<source>
		<database>roboflow.ai</database>
	</source>
	<size>
		<width>416</width>
		<height>416</height>
		<depth>3</depth>
	</size>
	<segmented>0</segmented>
	<object>
		<name>Ambulance</name>
		<pose>Unspecified</pose>
		<truncated>0</truncated>
		<difficult>0</difficult>
		<occluded>0</occluded>
		<bndbox>
			<xmin>48</xmin>
			<xmax>276</xmax>
			<ymin>34</ymin>
			<ymax>177</ymax>
		</bndbox>
	</object>
</annotation>
