<annotation>
	<folder></folder>
	<filename>6704ff10a79cf50f_jpg.rf.45e1dcb768621bd51398f11a9e8be6f2.jpg</filename>
	<path>6704ff10a79cf50f_jpg.rf.45e1dcb768621bd51398f11a9e8be6f2.jpg</path>
	<source>
		<database>roboflow.ai</database>
	</source>
	<size>
		<width>416</width>
		<height>416</height>
		<depth>3</depth>
	</size>
	<segmented>0</segmented>
	<object>
		<name>Ambulance</name>
		<pose>Unspecified</pose>
		<truncated>0</truncated>
		<difficult>0</difficult>
		<occluded>0</occluded>
		<bndbox>
			<xmin>1</xmin>
			<xmax>80</xmax>
			<ymin>71</ymin>
			<ymax>324</ymax>
		</bndbox>
	</object>
	<object>
		<name>Ambulance</name>
		<pose>Unspecified</pose>
		<truncated>0</truncated>
		<difficult>0</difficult>
		<occluded>0</occluded>
		<bndbox>
			<xmin>76</xmin>
			<xmax>344</xmax>
			<ymin>63</ymin>
			<ymax>366</ymax>
		</bndbox>
	</object>
	<object>
		<name>Ambulance</name>
		<pose>Unspecified</pose>
		<truncated>0</truncated>
		<difficult>0</difficult>
		<occluded>0</occluded>
		<bndbox>
			<xmin>310</xmin>
			<xmax>416</xmax>
			<ymin>95</ymin>
			<ymax>310</ymax>
		</bndbox>
	</object>
</annotation>
