<annotation>
	<folder></folder>
	<filename>6748012dbea5b042_jpg.rf.3ba74253eee10befd6e0300ee817eed6.jpg</filename>
	<path>6748012dbea5b042_jpg.rf.3ba74253eee10befd6e0300ee817eed6.jpg</path>
	<source>
		<database>roboflow.ai</database>
	</source>
	<size>
		<width>416</width>
		<height>416</height>
		<depth>3</depth>
	</size>
	<segmented>0</segmented>
	<object>
		<name>Ambulance</name>
		<pose>Unspecified</pose>
		<truncated>0</truncated>
		<difficult>0</difficult>
		<occluded>0</occluded>
		<bndbox>
			<xmin>21</xmin>
			<xmax>390</xmax>
			<ymin>82</ymin>
			<ymax>333</ymax>
		</bndbox>
	</object>
</annotation>
