<annotation>
	<folder></folder>
	<filename>676c200e4e2eb0d3_jpg.rf.92c6754391f897a0d6b74d44fe5cef4f.jpg</filename>
	<path>676c200e4e2eb0d3_jpg.rf.92c6754391f897a0d6b74d44fe5cef4f.jpg</path>
	<source>
		<database>roboflow.ai</database>
	</source>
	<size>
		<width>416</width>
		<height>416</height>
		<depth>3</depth>
	</size>
	<segmented>0</segmented>
	<object>
		<name>Motorcycle</name>
		<pose>Unspecified</pose>
		<truncated>0</truncated>
		<difficult>0</difficult>
		<occluded>0</occluded>
		<bndbox>
			<xmin>5</xmin>
			<xmax>410</xmax>
			<ymin>48</ymin>
			<ymax>370</ymax>
		</bndbox>
	</object>
	<object>
		<name>Motorcycle</name>
		<pose>Unspecified</pose>
		<truncated>0</truncated>
		<difficult>0</difficult>
		<occluded>0</occluded>
		<bndbox>
			<xmin>321</xmin>
			<xmax>417</xmax>
			<ymin>8</ymin>
			<ymax>168</ymax>
		</bndbox>
	</object>
</annotation>
