<annotation>
	<folder></folder>
	<filename>6815d9cdea3f61d8_jpg.rf.6e852774970d3f548c825064e9bd197c.jpg</filename>
	<path>6815d9cdea3f61d8_jpg.rf.6e852774970d3f548c825064e9bd197c.jpg</path>
	<source>
		<database>roboflow.ai</database>
	</source>
	<size>
		<width>416</width>
		<height>416</height>
		<depth>3</depth>
	</size>
	<segmented>0</segmented>
	<object>
		<name>Car</name>
		<pose>Unspecified</pose>
		<truncated>0</truncated>
		<difficult>0</difficult>
		<occluded>0</occluded>
		<bndbox>
			<xmin>1</xmin>
			<xmax>70</xmax>
			<ymin>62</ymin>
			<ymax>127</ymax>
		</bndbox>
	</object>
	<object>
		<name>Car</name>
		<pose>Unspecified</pose>
		<truncated>0</truncated>
		<difficult>0</difficult>
		<occluded>0</occluded>
		<bndbox>
			<xmin>1</xmin>
			<xmax>188</xmax>
			<ymin>59</ymin>
			<ymax>262</ymax>
		</bndbox>
	</object>
	<object>
		<name>Car</name>
		<pose>Unspecified</pose>
		<truncated>0</truncated>
		<difficult>0</difficult>
		<occluded>0</occluded>
		<bndbox>
			<xmin>50</xmin>
			<xmax>344</xmax>
			<ymin>52</ymin>
			<ymax>378</ymax>
		</bndbox>
	</object>
</annotation>
