<annotation>
	<folder></folder>
	<filename>68caac3407b2275f_jpg.rf.e64d1465bd08f7326c60c5f049230677.jpg</filename>
	<path>68caac3407b2275f_jpg.rf.e64d1465bd08f7326c60c5f049230677.jpg</path>
	<source>
		<database>roboflow.ai</database>
	</source>
	<size>
		<width>416</width>
		<height>416</height>
		<depth>3</depth>
	</size>
	<segmented>0</segmented>
	<object>
		<name>Ambulance</name>
		<pose>Unspecified</pose>
		<truncated>0</truncated>
		<difficult>0</difficult>
		<occluded>0</occluded>
		<bndbox>
			<xmin>48</xmin>
			<xmax>237</xmax>
			<ymin>66</ymin>
			<ymax>269</ymax>
		</bndbox>
	</object>
	<object>
		<name>Ambulance</name>
		<pose>Unspecified</pose>
		<truncated>0</truncated>
		<difficult>0</difficult>
		<occluded>0</occluded>
		<bndbox>
			<xmin>65</xmin>
			<xmax>365</xmax>
			<ymin>1</ymin>
			<ymax>375</ymax>
		</bndbox>
	</object>
</annotation>
