<annotation>
	<folder></folder>
	<filename>6a03dd967d836a19_jpg.rf.b137df5e39d832bfaccfbf9a45ace0b5.jpg</filename>
	<path>6a03dd967d836a19_jpg.rf.b137df5e39d832bfaccfbf9a45ace0b5.jpg</path>
	<source>
		<database>roboflow.ai</database>
	</source>
	<size>
		<width>416</width>
		<height>416</height>
		<depth>3</depth>
	</size>
	<segmented>0</segmented>
	<object>
		<name>Truck</name>
		<pose>Unspecified</pose>
		<truncated>0</truncated>
		<difficult>0</difficult>
		<occluded>0</occluded>
		<bndbox>
			<xmin>9</xmin>
			<xmax>150</xmax>
			<ymin>201</ymin>
			<ymax>316</ymax>
		</bndbox>
	</object>
</annotation>
