<annotation>
	<folder></folder>
	<filename>6a04d25b58fe0a27_jpg.rf.ab90130b95c1166ba8b26bad511992bf.jpg</filename>
	<path>6a04d25b58fe0a27_jpg.rf.ab90130b95c1166ba8b26bad511992bf.jpg</path>
	<source>
		<database>roboflow.ai</database>
	</source>
	<size>
		<width>416</width>
		<height>416</height>
		<depth>3</depth>
	</size>
	<segmented>0</segmented>
	<object>
		<name>Car</name>
		<pose>Unspecified</pose>
		<truncated>0</truncated>
		<difficult>0</difficult>
		<occluded>0</occluded>
		<bndbox>
			<xmin>31</xmin>
			<xmax>398</xmax>
			<ymin>136</ymin>
			<ymax>373</ymax>
		</bndbox>
	</object>
</annotation>
