<annotation>
	<folder></folder>
	<filename>6b0ff20bea33a627_jpg.rf.a94a2bed4163b02f7bfe78929dfa34a3.jpg</filename>
	<path>6b0ff20bea33a627_jpg.rf.a94a2bed4163b02f7bfe78929dfa34a3.jpg</path>
	<source>
		<database>roboflow.ai</database>
	</source>
	<size>
		<width>416</width>
		<height>416</height>
		<depth>3</depth>
	</size>
	<segmented>0</segmented>
	<object>
		<name>Motorcycle</name>
		<pose>Unspecified</pose>
		<truncated>0</truncated>
		<difficult>0</difficult>
		<occluded>0</occluded>
		<bndbox>
			<xmin>62</xmin>
			<xmax>388</xmax>
			<ymin>8</ymin>
			<ymax>404</ymax>
		</bndbox>
	</object>
</annotation>
