<annotation>
	<folder></folder>
	<filename>6deb06ad4f5642aa_jpg.rf.c8b5c91824f50788c341eae588839618.jpg</filename>
	<path>6deb06ad4f5642aa_jpg.rf.c8b5c91824f50788c341eae588839618.jpg</path>
	<source>
		<database>roboflow.ai</database>
	</source>
	<size>
		<width>416</width>
		<height>416</height>
		<depth>3</depth>
	</size>
	<segmented>0</segmented>
	<object>
		<name>Bus</name>
		<pose>Unspecified</pose>
		<truncated>0</truncated>
		<difficult>0</difficult>
		<occluded>0</occluded>
		<bndbox>
			<xmin>64</xmin>
			<xmax>362</xmax>
			<ymin>75</ymin>
			<ymax>301</ymax>
		</bndbox>
	</object>
</annotation>
