<annotation>
	<folder></folder>
	<filename>6f264bba4e43a80d_jpg.rf.1fb24963fc896d1ea3dcff7e6e4d33f4.jpg</filename>
	<path>6f264bba4e43a80d_jpg.rf.1fb24963fc896d1ea3dcff7e6e4d33f4.jpg</path>
	<source>
		<database>roboflow.ai</database>
	</source>
	<size>
		<width>416</width>
		<height>416</height>
		<depth>3</depth>
	</size>
	<segmented>0</segmented>
	<object>
		<name>Motorcycle</name>
		<pose>Unspecified</pose>
		<truncated>0</truncated>
		<difficult>0</difficult>
		<occluded>0</occluded>
		<bndbox>
			<xmin>126</xmin>
			<xmax>341</xmax>
			<ymin>190</ymin>
			<ymax>379</ymax>
		</bndbox>
	</object>
</annotation>
