<annotation>
	<folder></folder>
	<filename>6f276e419bd817e1_jpg.rf.94f47b764ca2372be74955ae956f8b34.jpg</filename>
	<path>6f276e419bd817e1_jpg.rf.94f47b764ca2372be74955ae956f8b34.jpg</path>
	<source>
		<database>roboflow.ai</database>
	</source>
	<size>
		<width>416</width>
		<height>416</height>
		<depth>3</depth>
	</size>
	<segmented>0</segmented>
	<object>
		<name>Motorcycle</name>
		<pose>Unspecified</pose>
		<truncated>0</truncated>
		<difficult>0</difficult>
		<occluded>0</occluded>
		<bndbox>
			<xmin>55</xmin>
			<xmax>368</xmax>
			<ymin>158</ymin>
			<ymax>388</ymax>
		</bndbox>
	</object>
</annotation>
