<annotation>
	<folder></folder>
	<filename>6f6469b661188809_jpg.rf.11d94e785c57eb82e03c3c0a1911127d.jpg</filename>
	<path>6f6469b661188809_jpg.rf.11d94e785c57eb82e03c3c0a1911127d.jpg</path>
	<source>
		<database>roboflow.ai</database>
	</source>
	<size>
		<width>416</width>
		<height>416</height>
		<depth>3</depth>
	</size>
	<segmented>0</segmented>
	<object>
		<name>Ambulance</name>
		<pose>Unspecified</pose>
		<truncated>0</truncated>
		<difficult>0</difficult>
		<occluded>0</occluded>
		<bndbox>
			<xmin>71</xmin>
			<xmax>283</xmax>
			<ymin>73</ymin>
			<ymax>369</ymax>
		</bndbox>
	</object>
</annotation>
