<annotation>
	<folder></folder>
	<filename>6f90ee12f14ee50a_jpg.rf.fb4157aaea2817a80c40c95862c4ea32.jpg</filename>
	<path>6f90ee12f14ee50a_jpg.rf.fb4157aaea2817a80c40c95862c4ea32.jpg</path>
	<source>
		<database>roboflow.ai</database>
	</source>
	<size>
		<width>416</width>
		<height>416</height>
		<depth>3</depth>
	</size>
	<segmented>0</segmented>
	<object>
		<name>Car</name>
		<pose>Unspecified</pose>
		<truncated>0</truncated>
		<difficult>0</difficult>
		<occluded>0</occluded>
		<bndbox>
			<xmin>178</xmin>
			<xmax>260</xmax>
			<ymin>121</ymin>
			<ymax>185</ymax>
		</bndbox>
	</object>
	<object>
		<name>Car</name>
		<pose>Unspecified</pose>
		<truncated>0</truncated>
		<difficult>0</difficult>
		<occluded>0</occluded>
		<bndbox>
			<xmin>406</xmin>
			<xmax>417</xmax>
			<ymin>108</ymin>
			<ymax>167</ymax>
		</bndbox>
	</object>
</annotation>
