<annotation>
	<folder></folder>
	<filename>6fcb072467002402_jpg.rf.0df563cf9e62fa7f8649db4dd66ca1d1.jpg</filename>
	<path>6fcb072467002402_jpg.rf.0df563cf9e62fa7f8649db4dd66ca1d1.jpg</path>
	<source>
		<database>roboflow.ai</database>
	</source>
	<size>
		<width>416</width>
		<height>416</height>
		<depth>3</depth>
	</size>
	<segmented>0</segmented>
	<object>
		<name>Car</name>
		<pose>Unspecified</pose>
		<truncated>0</truncated>
		<difficult>0</difficult>
		<occluded>0</occluded>
		<bndbox>
			<xmin>160</xmin>
			<xmax>260</xmax>
			<ymin>116</ymin>
			<ymax>238</ymax>
		</bndbox>
	</object>
</annotation>
