<annotation>
	<folder></folder>
	<filename>6ff911eff6b2b445_jpg.rf.b476c32c32772b938db8ad29adc3e99a.jpg</filename>
	<path>6ff911eff6b2b445_jpg.rf.b476c32c32772b938db8ad29adc3e99a.jpg</path>
	<source>
		<database>roboflow.ai</database>
	</source>
	<size>
		<width>416</width>
		<height>416</height>
		<depth>3</depth>
	</size>
	<segmented>0</segmented>
	<object>
		<name>Bus</name>
		<pose>Unspecified</pose>
		<truncated>0</truncated>
		<difficult>0</difficult>
		<occluded>0</occluded>
		<bndbox>
			<xmin>1</xmin>
			<xmax>415</xmax>
			<ymin>12</ymin>
			<ymax>415</ymax>
		</bndbox>
	</object>
</annotation>
