<annotation>
	<folder></folder>
	<filename>709b17bde853983b_jpg.rf.ed8901d3d7bdec5d19bb49ee67c0492e.jpg</filename>
	<path>709b17bde853983b_jpg.rf.ed8901d3d7bdec5d19bb49ee67c0492e.jpg</path>
	<source>
		<database>roboflow.ai</database>
	</source>
	<size>
		<width>416</width>
		<height>416</height>
		<depth>3</depth>
	</size>
	<segmented>0</segmented>
	<object>
		<name>Car</name>
		<pose>Unspecified</pose>
		<truncated>0</truncated>
		<difficult>0</difficult>
		<occluded>0</occluded>
		<bndbox>
			<xmin>213</xmin>
			<xmax>367</xmax>
			<ymin>129</ymin>
			<ymax>237</ymax>
		</bndbox>
	</object>
</annotation>
