<annotation>
	<folder></folder>
	<filename>71cc934013f02bfe_jpg.rf.77bf6f46d6078c1ea3662797a153199f.jpg</filename>
	<path>71cc934013f02bfe_jpg.rf.77bf6f46d6078c1ea3662797a153199f.jpg</path>
	<source>
		<database>roboflow.ai</database>
	</source>
	<size>
		<width>416</width>
		<height>416</height>
		<depth>3</depth>
	</size>
	<segmented>0</segmented>
	<object>
		<name>Truck</name>
		<pose>Unspecified</pose>
		<truncated>0</truncated>
		<difficult>0</difficult>
		<occluded>0</occluded>
		<bndbox>
			<xmin>218</xmin>
			<xmax>342</xmax>
			<ymin>33</ymin>
			<ymax>121</ymax>
		</bndbox>
	</object>
</annotation>
