<annotation>
	<folder></folder>
	<filename>723f1dec45f28293_jpg.rf.48b92ebf3182bf0d51bd52ee50bd5a09.jpg</filename>
	<path>723f1dec45f28293_jpg.rf.48b92ebf3182bf0d51bd52ee50bd5a09.jpg</path>
	<source>
		<database>roboflow.ai</database>
	</source>
	<size>
		<width>416</width>
		<height>416</height>
		<depth>3</depth>
	</size>
	<segmented>0</segmented>
	<object>
		<name>Bus</name>
		<pose>Unspecified</pose>
		<truncated>0</truncated>
		<difficult>0</difficult>
		<occluded>0</occluded>
		<bndbox>
			<xmin>44</xmin>
			<xmax>351</xmax>
			<ymin>13</ymin>
			<ymax>396</ymax>
		</bndbox>
	</object>
</annotation>
