<annotation>
	<folder></folder>
	<filename>7268f458dc755b0c_jpg.rf.9b5ed7bdf88cba50c5bd43057ecf18c0.jpg</filename>
	<path>7268f458dc755b0c_jpg.rf.9b5ed7bdf88cba50c5bd43057ecf18c0.jpg</path>
	<source>
		<database>roboflow.ai</database>
	</source>
	<size>
		<width>416</width>
		<height>416</height>
		<depth>3</depth>
	</size>
	<segmented>0</segmented>
	<object>
		<name>Ambulance</name>
		<pose>Unspecified</pose>
		<truncated>0</truncated>
		<difficult>0</difficult>
		<occluded>0</occluded>
		<bndbox>
			<xmin>1</xmin>
			<xmax>40</xmax>
			<ymin>124</ymin>
			<ymax>230</ymax>
		</bndbox>
	</object>
	<object>
		<name>Ambulance</name>
		<pose>Unspecified</pose>
		<truncated>0</truncated>
		<difficult>0</difficult>
		<occluded>0</occluded>
		<bndbox>
			<xmin>30</xmin>
			<xmax>354</xmax>
			<ymin>74</ymin>
			<ymax>366</ymax>
		</bndbox>
	</object>
</annotation>
