<annotation>
	<folder></folder>
	<filename>73eecdcf3e8b2d0a_jpg.rf.a89bdfef5b7b4a11a90aca0161da78ce.jpg</filename>
	<path>73eecdcf3e8b2d0a_jpg.rf.a89bdfef5b7b4a11a90aca0161da78ce.jpg</path>
	<source>
		<database>roboflow.ai</database>
	</source>
	<size>
		<width>416</width>
		<height>416</height>
		<depth>3</depth>
	</size>
	<segmented>0</segmented>
	<object>
		<name>Ambulance</name>
		<pose>Unspecified</pose>
		<truncated>0</truncated>
		<difficult>0</difficult>
		<occluded>0</occluded>
		<bndbox>
			<xmin>92</xmin>
			<xmax>297</xmax>
			<ymin>76</ymin>
			<ymax>393</ymax>
		</bndbox>
	</object>
</annotation>
