<annotation>
	<folder></folder>
	<filename>741f24cb0476ebec_jpg.rf.8dd90f44a9c049c130b26ac00a6c4ced.jpg</filename>
	<path>741f24cb0476ebec_jpg.rf.8dd90f44a9c049c130b26ac00a6c4ced.jpg</path>
	<source>
		<database>roboflow.ai</database>
	</source>
	<size>
		<width>416</width>
		<height>416</height>
		<depth>3</depth>
	</size>
	<segmented>0</segmented>
	<object>
		<name>Ambulance</name>
		<pose>Unspecified</pose>
		<truncated>0</truncated>
		<difficult>0</difficult>
		<occluded>0</occluded>
		<bndbox>
			<xmin>6</xmin>
			<xmax>187</xmax>
			<ymin>164</ymin>
			<ymax>308</ymax>
		</bndbox>
	</object>
	<object>
		<name>Ambulance</name>
		<pose>Unspecified</pose>
		<truncated>0</truncated>
		<difficult>0</difficult>
		<occluded>0</occluded>
		<bndbox>
			<xmin>146</xmin>
			<xmax>310</xmax>
			<ymin>180</ymin>
			<ymax>299</ymax>
		</bndbox>
	</object>
	<object>
		<name>Ambulance</name>
		<pose>Unspecified</pose>
		<truncated>0</truncated>
		<difficult>0</difficult>
		<occluded>0</occluded>
		<bndbox>
			<xmin>258</xmin>
			<xmax>390</xmax>
			<ymin>194</ymin>
			<ymax>291</ymax>
		</bndbox>
	</object>
</annotation>
