<annotation>
	<folder></folder>
	<filename>75738d3d8b999eb0_jpg.rf.e215135755c8c137bddc066d46d098c7.jpg</filename>
	<path>75738d3d8b999eb0_jpg.rf.e215135755c8c137bddc066d46d098c7.jpg</path>
	<source>
		<database>roboflow.ai</database>
	</source>
	<size>
		<width>416</width>
		<height>416</height>
		<depth>3</depth>
	</size>
	<segmented>0</segmented>
	<object>
		<name>Ambulance</name>
		<pose>Unspecified</pose>
		<truncated>0</truncated>
		<difficult>0</difficult>
		<occluded>0</occluded>
		<bndbox>
			<xmin>4</xmin>
			<xmax>416</xmax>
			<ymin>2</ymin>
			<ymax>417</ymax>
		</bndbox>
	</object>
</annotation>
