<annotation>
	<folder></folder>
	<filename>7647fd79a316276d_jpg.rf.c405388670b50544ba962c71f4a9a194.jpg</filename>
	<path>7647fd79a316276d_jpg.rf.c405388670b50544ba962c71f4a9a194.jpg</path>
	<source>
		<database>roboflow.ai</database>
	</source>
	<size>
		<width>416</width>
		<height>416</height>
		<depth>3</depth>
	</size>
	<segmented>0</segmented>
	<object>
		<name>Truck</name>
		<pose>Unspecified</pose>
		<truncated>0</truncated>
		<difficult>0</difficult>
		<occluded>0</occluded>
		<bndbox>
			<xmin>47</xmin>
			<xmax>400</xmax>
			<ymin>26</ymin>
			<ymax>322</ymax>
		</bndbox>
	</object>
</annotation>
