<annotation>
	<folder></folder>
	<filename>7693ecc1e8107ba8_jpg.rf.bca6689ef7c567beba4881a4cf8ea1f4.jpg</filename>
	<path>7693ecc1e8107ba8_jpg.rf.bca6689ef7c567beba4881a4cf8ea1f4.jpg</path>
	<source>
		<database>roboflow.ai</database>
	</source>
	<size>
		<width>416</width>
		<height>416</height>
		<depth>3</depth>
	</size>
	<segmented>0</segmented>
	<object>
		<name>Ambulance</name>
		<pose>Unspecified</pose>
		<truncated>0</truncated>
		<difficult>0</difficult>
		<occluded>0</occluded>
		<bndbox>
			<xmin>168</xmin>
			<xmax>337</xmax>
			<ymin>91</ymin>
			<ymax>231</ymax>
		</bndbox>
	</object>
</annotation>
