<annotation>
	<folder></folder>
	<filename>7a67044a2e20e055_jpg.rf.ef0b42cd8600cf23af4d8379862367f1.jpg</filename>
	<path>7a67044a2e20e055_jpg.rf.ef0b42cd8600cf23af4d8379862367f1.jpg</path>
	<source>
		<database>roboflow.ai</database>
	</source>
	<size>
		<width>416</width>
		<height>416</height>
		<depth>3</depth>
	</size>
	<segmented>0</segmented>
	<object>
		<name>Car</name>
		<pose>Unspecified</pose>
		<truncated>0</truncated>
		<difficult>0</difficult>
		<occluded>0</occluded>
		<bndbox>
			<xmin>1</xmin>
			<xmax>36</xmax>
			<ymin>97</ymin>
			<ymax>226</ymax>
		</bndbox>
	</object>
	<object>
		<name>Car</name>
		<pose>Unspecified</pose>
		<truncated>0</truncated>
		<difficult>0</difficult>
		<occluded>0</occluded>
		<bndbox>
			<xmin>71</xmin>
			<xmax>366</xmax>
			<ymin>134</ymin>
			<ymax>361</ymax>
		</bndbox>
	</object>
</annotation>
