<annotation>
	<folder></folder>
	<filename>7bb1cf09506080dd_jpg.rf.a9ad6b8c8f29986f65d6373f9adbc3f6.jpg</filename>
	<path>7bb1cf09506080dd_jpg.rf.a9ad6b8c8f29986f65d6373f9adbc3f6.jpg</path>
	<source>
		<database>roboflow.ai</database>
	</source>
	<size>
		<width>416</width>
		<height>416</height>
		<depth>3</depth>
	</size>
	<segmented>0</segmented>
	<object>
		<name>Ambulance</name>
		<pose>Unspecified</pose>
		<truncated>0</truncated>
		<difficult>0</difficult>
		<occluded>0</occluded>
		<bndbox>
			<xmin>1</xmin>
			<xmax>388</xmax>
			<ymin>11</ymin>
			<ymax>417</ymax>
		</bndbox>
	</object>
</annotation>
