<annotation>
	<folder></folder>
	<filename>7bec73d280fb3fb3_jpg.rf.1bc84c847c80e24482016927b53f5bbb.jpg</filename>
	<path>7bec73d280fb3fb3_jpg.rf.1bc84c847c80e24482016927b53f5bbb.jpg</path>
	<source>
		<database>roboflow.ai</database>
	</source>
	<size>
		<width>416</width>
		<height>416</height>
		<depth>3</depth>
	</size>
	<segmented>0</segmented>
	<object>
		<name>Bus</name>
		<pose>Unspecified</pose>
		<truncated>0</truncated>
		<difficult>0</difficult>
		<occluded>0</occluded>
		<bndbox>
			<xmin>1</xmin>
			<xmax>397</xmax>
			<ymin>64</ymin>
			<ymax>385</ymax>
		</bndbox>
	</object>
</annotation>
