<annotation>
	<folder></folder>
	<filename>7c7fb68e46068c1a_jpg.rf.ed6597f94189bafb932d03f26c429dfb.jpg</filename>
	<path>7c7fb68e46068c1a_jpg.rf.ed6597f94189bafb932d03f26c429dfb.jpg</path>
	<source>
		<database>roboflow.ai</database>
	</source>
	<size>
		<width>416</width>
		<height>416</height>
		<depth>3</depth>
	</size>
	<segmented>0</segmented>
	<object>
		<name>Bus</name>
		<pose>Unspecified</pose>
		<truncated>0</truncated>
		<difficult>0</difficult>
		<occluded>0</occluded>
		<bndbox>
			<xmin>1</xmin>
			<xmax>338</xmax>
			<ymin>97</ymin>
			<ymax>354</ymax>
		</bndbox>
	</object>
</annotation>
