<annotation>
	<folder></folder>
	<filename>7ee15edb0c2a85a3_jpg.rf.4089ae7fc0cce2fc0238ed77bc66d77e.jpg</filename>
	<path>7ee15edb0c2a85a3_jpg.rf.4089ae7fc0cce2fc0238ed77bc66d77e.jpg</path>
	<source>
		<database>roboflow.ai</database>
	</source>
	<size>
		<width>416</width>
		<height>416</height>
		<depth>3</depth>
	</size>
	<segmented>0</segmented>
	<object>
		<name>Motorcycle</name>
		<pose>Unspecified</pose>
		<truncated>0</truncated>
		<difficult>0</difficult>
		<occluded>0</occluded>
		<bndbox>
			<xmin>15</xmin>
			<xmax>326</xmax>
			<ymin>160</ymin>
			<ymax>356</ymax>
		</bndbox>
	</object>
</annotation>
