<annotation>
	<folder></folder>
	<filename>7ee812fcba54457d_jpg.rf.05262851492c8db5d33b9be97d67eab2.jpg</filename>
	<path>7ee812fcba54457d_jpg.rf.05262851492c8db5d33b9be97d67eab2.jpg</path>
	<source>
		<database>roboflow.ai</database>
	</source>
	<size>
		<width>416</width>
		<height>416</height>
		<depth>3</depth>
	</size>
	<segmented>0</segmented>
	<object>
		<name>Motorcycle</name>
		<pose>Unspecified</pose>
		<truncated>0</truncated>
		<difficult>0</difficult>
		<occluded>0</occluded>
		<bndbox>
			<xmin>31</xmin>
			<xmax>359</xmax>
			<ymin>85</ymin>
			<ymax>360</ymax>
		</bndbox>
	</object>
</annotation>
