<annotation>
	<folder></folder>
	<filename>7eecf7ff2aaa158b_jpg.rf.ccb8b67346f48a04374e91ed0b21108e.jpg</filename>
	<path>7eecf7ff2aaa158b_jpg.rf.ccb8b67346f48a04374e91ed0b21108e.jpg</path>
	<source>
		<database>roboflow.ai</database>
	</source>
	<size>
		<width>416</width>
		<height>416</height>
		<depth>3</depth>
	</size>
	<segmented>0</segmented>
	<object>
		<name>Truck</name>
		<pose>Unspecified</pose>
		<truncated>0</truncated>
		<difficult>0</difficult>
		<occluded>0</occluded>
		<bndbox>
			<xmin>38</xmin>
			<xmax>407</xmax>
			<ymin>23</ymin>
			<ymax>410</ymax>
		</bndbox>
	</object>
</annotation>
