<annotation>
	<folder></folder>
	<filename>7eeea1eb06c7de4f_jpg.rf.5d69d091ea19d8cad5d49307970c26ef.jpg</filename>
	<path>7eeea1eb06c7de4f_jpg.rf.5d69d091ea19d8cad5d49307970c26ef.jpg</path>
	<source>
		<database>roboflow.ai</database>
	</source>
	<size>
		<width>416</width>
		<height>416</height>
		<depth>3</depth>
	</size>
	<segmented>0</segmented>
	<object>
		<name>Car</name>
		<pose>Unspecified</pose>
		<truncated>0</truncated>
		<difficult>0</difficult>
		<occluded>0</occluded>
		<bndbox>
			<xmin>182</xmin>
			<xmax>347</xmax>
			<ymin>163</ymin>
			<ymax>252</ymax>
		</bndbox>
	</object>
</annotation>
