<annotation>
	<folder></folder>
	<filename>7f521593dc5e1d37_jpg.rf.ef5cb2e4789384e90e41a817b529597d.jpg</filename>
	<path>7f521593dc5e1d37_jpg.rf.ef5cb2e4789384e90e41a817b529597d.jpg</path>
	<source>
		<database>roboflow.ai</database>
	</source>
	<size>
		<width>416</width>
		<height>416</height>
		<depth>3</depth>
	</size>
	<segmented>0</segmented>
	<object>
		<name>Bus</name>
		<pose>Unspecified</pose>
		<truncated>0</truncated>
		<difficult>0</difficult>
		<occluded>0</occluded>
		<bndbox>
			<xmin>48</xmin>
			<xmax>339</xmax>
			<ymin>69</ymin>
			<ymax>333</ymax>
		</bndbox>
	</object>
</annotation>
