<annotation>
	<folder></folder>
	<filename>7fa18bd0fbca2fe8_jpg.rf.3267cfafd32b541fc142aa16a21770b5.jpg</filename>
	<path>7fa18bd0fbca2fe8_jpg.rf.3267cfafd32b541fc142aa16a21770b5.jpg</path>
	<source>
		<database>roboflow.ai</database>
	</source>
	<size>
		<width>416</width>
		<height>416</height>
		<depth>3</depth>
	</size>
	<segmented>0</segmented>
	<object>
		<name>Car</name>
		<pose>Unspecified</pose>
		<truncated>0</truncated>
		<difficult>0</difficult>
		<occluded>0</occluded>
		<bndbox>
			<xmin>35</xmin>
			<xmax>393</xmax>
			<ymin>63</ymin>
			<ymax>376</ymax>
		</bndbox>
	</object>
</annotation>
