<annotation>
	<folder></folder>
	<filename>7fe975e3425882fe_jpg.rf.6c78eac516a626a279a0f28ddefffe77.jpg</filename>
	<path>7fe975e3425882fe_jpg.rf.6c78eac516a626a279a0f28ddefffe77.jpg</path>
	<source>
		<database>roboflow.ai</database>
	</source>
	<size>
		<width>416</width>
		<height>416</height>
		<depth>3</depth>
	</size>
	<segmented>0</segmented>
	<object>
		<name>Bus</name>
		<pose>Unspecified</pose>
		<truncated>0</truncated>
		<difficult>0</difficult>
		<occluded>0</occluded>
		<bndbox>
			<xmin>4</xmin>
			<xmax>165</xmax>
			<ymin>119</ymin>
			<ymax>224</ymax>
		</bndbox>
	</object>
</annotation>
