<annotation>
	<folder></folder>
	<filename>8064f777d12332de_jpg.rf.e3dbf45105704ef9e7c4f0015438f195.jpg</filename>
	<path>8064f777d12332de_jpg.rf.e3dbf45105704ef9e7c4f0015438f195.jpg</path>
	<source>
		<database>roboflow.ai</database>
	</source>
	<size>
		<width>416</width>
		<height>416</height>
		<depth>3</depth>
	</size>
	<segmented>0</segmented>
	<object>
		<name>Car</name>
		<pose>Unspecified</pose>
		<truncated>0</truncated>
		<difficult>0</difficult>
		<occluded>0</occluded>
		<bndbox>
			<xmin>243</xmin>
			<xmax>412</xmax>
			<ymin>145</ymin>
			<ymax>352</ymax>
		</bndbox>
	</object>
	<object>
		<name>Car</name>
		<pose>Unspecified</pose>
		<truncated>0</truncated>
		<difficult>0</difficult>
		<occluded>0</occluded>
		<bndbox>
			<xmin>1</xmin>
			<xmax>94</xmax>
			<ymin>108</ymin>
			<ymax>142</ymax>
		</bndbox>
	</object>
	<object>
		<name>Car</name>
		<pose>Unspecified</pose>
		<truncated>0</truncated>
		<difficult>0</difficult>
		<occluded>0</occluded>
		<bndbox>
			<xmin>1</xmin>
			<xmax>352</xmax>
			<ymin>128</ymin>
			<ymax>416</ymax>
		</bndbox>
	</object>
</annotation>
