<annotation>
	<folder></folder>
	<filename>808ef2923c23e7e5_jpg.rf.57ae5c2d80a205d72f43a3ff3c1adbf7.jpg</filename>
	<path>808ef2923c23e7e5_jpg.rf.57ae5c2d80a205d72f43a3ff3c1adbf7.jpg</path>
	<source>
		<database>roboflow.ai</database>
	</source>
	<size>
		<width>416</width>
		<height>416</height>
		<depth>3</depth>
	</size>
	<segmented>0</segmented>
	<object>
		<name>Motorcycle</name>
		<pose>Unspecified</pose>
		<truncated>0</truncated>
		<difficult>0</difficult>
		<occluded>0</occluded>
		<bndbox>
			<xmin>26</xmin>
			<xmax>340</xmax>
			<ymin>1</ymin>
			<ymax>390</ymax>
		</bndbox>
	</object>
</annotation>
