<annotation>
	<folder></folder>
	<filename>819003a2f313a857_jpg.rf.f013998fcb1d3d55a755a7881817aca6.jpg</filename>
	<path>819003a2f313a857_jpg.rf.f013998fcb1d3d55a755a7881817aca6.jpg</path>
	<source>
		<database>roboflow.ai</database>
	</source>
	<size>
		<width>416</width>
		<height>416</height>
		<depth>3</depth>
	</size>
	<segmented>0</segmented>
	<object>
		<name>Car</name>
		<pose>Unspecified</pose>
		<truncated>0</truncated>
		<difficult>0</difficult>
		<occluded>0</occluded>
		<bndbox>
			<xmin>11</xmin>
			<xmax>100</xmax>
			<ymin>124</ymin>
			<ymax>355</ymax>
		</bndbox>
	</object>
	<object>
		<name>Car</name>
		<pose>Unspecified</pose>
		<truncated>0</truncated>
		<difficult>0</difficult>
		<occluded>0</occluded>
		<bndbox>
			<xmin>136</xmin>
			<xmax>238</xmax>
			<ymin>96</ymin>
			<ymax>156</ymax>
		</bndbox>
	</object>
	<object>
		<name>Car</name>
		<pose>Unspecified</pose>
		<truncated>0</truncated>
		<difficult>0</difficult>
		<occluded>0</occluded>
		<bndbox>
			<xmin>261</xmin>
			<xmax>409</xmax>
			<ymin>152</ymin>
			<ymax>297</ymax>
		</bndbox>
	</object>
</annotation>
