<annotation>
	<folder></folder>
	<filename>81bd05743ca6aeca_jpg.rf.20b44037c2c0fa03e40cdf52eafa3464.jpg</filename>
	<path>81bd05743ca6aeca_jpg.rf.20b44037c2c0fa03e40cdf52eafa3464.jpg</path>
	<source>
		<database>roboflow.ai</database>
	</source>
	<size>
		<width>416</width>
		<height>416</height>
		<depth>3</depth>
	</size>
	<segmented>0</segmented>
	<object>
		<name>Car</name>
		<pose>Unspecified</pose>
		<truncated>0</truncated>
		<difficult>0</difficult>
		<occluded>0</occluded>
		<bndbox>
			<xmin>14</xmin>
			<xmax>386</xmax>
			<ymin>92</ymin>
			<ymax>320</ymax>
		</bndbox>
	</object>
	<object>
		<name>Car</name>
		<pose>Unspecified</pose>
		<truncated>0</truncated>
		<difficult>0</difficult>
		<occluded>0</occluded>
		<bndbox>
			<xmin>305</xmin>
			<xmax>372</xmax>
			<ymin>95</ymin>
			<ymax>148</ymax>
		</bndbox>
	</object>
</annotation>
