<annotation>
	<folder></folder>
	<filename>81ef85dffa49536c_jpg.rf.5072a3f6300337b70f712a7f2aa2a857.jpg</filename>
	<path>81ef85dffa49536c_jpg.rf.5072a3f6300337b70f712a7f2aa2a857.jpg</path>
	<source>
		<database>roboflow.ai</database>
	</source>
	<size>
		<width>416</width>
		<height>416</height>
		<depth>3</depth>
	</size>
	<segmented>0</segmented>
	<object>
		<name>Bus</name>
		<pose>Unspecified</pose>
		<truncated>0</truncated>
		<difficult>0</difficult>
		<occluded>0</occluded>
		<bndbox>
			<xmin>132</xmin>
			<xmax>296</xmax>
			<ymin>77</ymin>
			<ymax>287</ymax>
		</bndbox>
	</object>
</annotation>
