<annotation>
	<folder></folder>
	<filename>823dc9232c0c68f9_jpg.rf.1675da190759a963762ed2004abdf4c7.jpg</filename>
	<path>823dc9232c0c68f9_jpg.rf.1675da190759a963762ed2004abdf4c7.jpg</path>
	<source>
		<database>roboflow.ai</database>
	</source>
	<size>
		<width>416</width>
		<height>416</height>
		<depth>3</depth>
	</size>
	<segmented>0</segmented>
	<object>
		<name>Truck</name>
		<pose>Unspecified</pose>
		<truncated>0</truncated>
		<difficult>0</difficult>
		<occluded>0</occluded>
		<bndbox>
			<xmin>63</xmin>
			<xmax>352</xmax>
			<ymin>107</ymin>
			<ymax>348</ymax>
		</bndbox>
	</object>
</annotation>
