<annotation>
	<folder></folder>
	<filename>82d3bb8f9d736f88_jpg.rf.efde038bb5c65888e8e34208c238c677.jpg</filename>
	<path>82d3bb8f9d736f88_jpg.rf.efde038bb5c65888e8e34208c238c677.jpg</path>
	<source>
		<database>roboflow.ai</database>
	</source>
	<size>
		<width>416</width>
		<height>416</height>
		<depth>3</depth>
	</size>
	<segmented>0</segmented>
	<object>
		<name>Truck</name>
		<pose>Unspecified</pose>
		<truncated>0</truncated>
		<difficult>0</difficult>
		<occluded>0</occluded>
		<bndbox>
			<xmin>75</xmin>
			<xmax>347</xmax>
			<ymin>153</ymin>
			<ymax>296</ymax>
		</bndbox>
	</object>
	<object>
		<name>Truck</name>
		<pose>Unspecified</pose>
		<truncated>0</truncated>
		<difficult>0</difficult>
		<occluded>0</occluded>
		<bndbox>
			<xmin>308</xmin>
			<xmax>417</xmax>
			<ymin>176</ymin>
			<ymax>259</ymax>
		</bndbox>
	</object>
</annotation>
