<annotation>
	<folder></folder>
	<filename>82d83aabe4bbc7f5_jpg.rf.b5128b9669dd15f0b1c0c3340de79de6.jpg</filename>
	<path>82d83aabe4bbc7f5_jpg.rf.b5128b9669dd15f0b1c0c3340de79de6.jpg</path>
	<source>
		<database>roboflow.ai</database>
	</source>
	<size>
		<width>416</width>
		<height>416</height>
		<depth>3</depth>
	</size>
	<segmented>0</segmented>
	<object>
		<name>Car</name>
		<pose>Unspecified</pose>
		<truncated>0</truncated>
		<difficult>0</difficult>
		<occluded>0</occluded>
		<bndbox>
			<xmin>98</xmin>
			<xmax>404</xmax>
			<ymin>141</ymin>
			<ymax>400</ymax>
		</bndbox>
	</object>
</annotation>
