<annotation>
	<folder></folder>
	<filename>8426440240c36e50_jpg.rf.66c55747a04dec84cf22617aaff28073.jpg</filename>
	<path>8426440240c36e50_jpg.rf.66c55747a04dec84cf22617aaff28073.jpg</path>
	<source>
		<database>roboflow.ai</database>
	</source>
	<size>
		<width>416</width>
		<height>416</height>
		<depth>3</depth>
	</size>
	<segmented>0</segmented>
	<object>
		<name>Ambulance</name>
		<pose>Unspecified</pose>
		<truncated>0</truncated>
		<difficult>0</difficult>
		<occluded>0</occluded>
		<bndbox>
			<xmin>105</xmin>
			<xmax>369</xmax>
			<ymin>89</ymin>
			<ymax>294</ymax>
		</bndbox>
	</object>
</annotation>
