<annotation>
	<folder></folder>
	<filename>8448957c4e76c2c4_jpg.rf.d510eaf3637ca24943fba487b1c6514d.jpg</filename>
	<path>8448957c4e76c2c4_jpg.rf.d510eaf3637ca24943fba487b1c6514d.jpg</path>
	<source>
		<database>roboflow.ai</database>
	</source>
	<size>
		<width>416</width>
		<height>416</height>
		<depth>3</depth>
	</size>
	<segmented>0</segmented>
	<object>
		<name>Car</name>
		<pose>Unspecified</pose>
		<truncated>0</truncated>
		<difficult>0</difficult>
		<occluded>0</occluded>
		<bndbox>
			<xmin>299</xmin>
			<xmax>404</xmax>
			<ymin>306</ymin>
			<ymax>397</ymax>
		</bndbox>
	</object>
	<object>
		<name>Car</name>
		<pose>Unspecified</pose>
		<truncated>0</truncated>
		<difficult>0</difficult>
		<occluded>0</occluded>
		<bndbox>
			<xmin>385</xmin>
			<xmax>416</xmax>
			<ymin>319</ymin>
			<ymax>390</ymax>
		</bndbox>
	</object>
</annotation>
