<annotation>
	<folder></folder>
	<filename>846d94cce4386166_jpg.rf.a97fa7b2e90e04710dcf90005eccdd16.jpg</filename>
	<path>846d94cce4386166_jpg.rf.a97fa7b2e90e04710dcf90005eccdd16.jpg</path>
	<source>
		<database>roboflow.ai</database>
	</source>
	<size>
		<width>416</width>
		<height>416</height>
		<depth>3</depth>
	</size>
	<segmented>0</segmented>
	<object>
		<name>Car</name>
		<pose>Unspecified</pose>
		<truncated>0</truncated>
		<difficult>0</difficult>
		<occluded>0</occluded>
		<bndbox>
			<xmin>185</xmin>
			<xmax>407</xmax>
			<ymin>10</ymin>
			<ymax>395</ymax>
		</bndbox>
	</object>
</annotation>
