<annotation>
	<folder></folder>
	<filename>86300d7134e22a54_jpg.rf.b1ab74785ab597f2c5ab6aa7e3ae0fb2.jpg</filename>
	<path>86300d7134e22a54_jpg.rf.b1ab74785ab597f2c5ab6aa7e3ae0fb2.jpg</path>
	<source>
		<database>roboflow.ai</database>
	</source>
	<size>
		<width>416</width>
		<height>416</height>
		<depth>3</depth>
	</size>
	<segmented>0</segmented>
	<object>
		<name>Truck</name>
		<pose>Unspecified</pose>
		<truncated>0</truncated>
		<difficult>0</difficult>
		<occluded>0</occluded>
		<bndbox>
			<xmin>26</xmin>
			<xmax>258</xmax>
			<ymin>103</ymin>
			<ymax>201</ymax>
		</bndbox>
	</object>
</annotation>
