<annotation>
	<folder></folder>
	<filename>8775622bbafe270a_jpg.rf.e3641e8da923b686e782f3234aeed260.jpg</filename>
	<path>8775622bbafe270a_jpg.rf.e3641e8da923b686e782f3234aeed260.jpg</path>
	<source>
		<database>roboflow.ai</database>
	</source>
	<size>
		<width>416</width>
		<height>416</height>
		<depth>3</depth>
	</size>
	<segmented>0</segmented>
	<object>
		<name>Motorcycle</name>
		<pose>Unspecified</pose>
		<truncated>0</truncated>
		<difficult>0</difficult>
		<occluded>0</occluded>
		<bndbox>
			<xmin>25</xmin>
			<xmax>383</xmax>
			<ymin>256</ymin>
			<ymax>417</ymax>
		</bndbox>
	</object>
</annotation>
