<annotation>
	<folder></folder>
	<filename>878749c0431be08b_jpg.rf.8fb0a48ff20afeadbaf2983c8cb43ac1.jpg</filename>
	<path>878749c0431be08b_jpg.rf.8fb0a48ff20afeadbaf2983c8cb43ac1.jpg</path>
	<source>
		<database>roboflow.ai</database>
	</source>
	<size>
		<width>416</width>
		<height>416</height>
		<depth>3</depth>
	</size>
	<segmented>0</segmented>
	<object>
		<name>Motorcycle</name>
		<pose>Unspecified</pose>
		<truncated>0</truncated>
		<difficult>0</difficult>
		<occluded>0</occluded>
		<bndbox>
			<xmin>53</xmin>
			<xmax>368</xmax>
			<ymin>84</ymin>
			<ymax>318</ymax>
		</bndbox>
	</object>
</annotation>
