<annotation>
	<folder></folder>
	<filename>87b33e9edd7ccafe_jpg.rf.37dc0e31d0d8576664fd17531e96d1e4.jpg</filename>
	<path>87b33e9edd7ccafe_jpg.rf.37dc0e31d0d8576664fd17531e96d1e4.jpg</path>
	<source>
		<database>roboflow.ai</database>
	</source>
	<size>
		<width>416</width>
		<height>416</height>
		<depth>3</depth>
	</size>
	<segmented>0</segmented>
	<object>
		<name>Ambulance</name>
		<pose>Unspecified</pose>
		<truncated>0</truncated>
		<difficult>0</difficult>
		<occluded>0</occluded>
		<bndbox>
			<xmin>64</xmin>
			<xmax>335</xmax>
			<ymin>28</ymin>
			<ymax>343</ymax>
		</bndbox>
	</object>
</annotation>
