<annotation>
	<folder></folder>
	<filename>8805768cafea8902_jpg.rf.a33e98ac093750cb334ba2727046e477.jpg</filename>
	<path>8805768cafea8902_jpg.rf.a33e98ac093750cb334ba2727046e477.jpg</path>
	<source>
		<database>roboflow.ai</database>
	</source>
	<size>
		<width>416</width>
		<height>416</height>
		<depth>3</depth>
	</size>
	<segmented>0</segmented>
	<object>
		<name>Car</name>
		<pose>Unspecified</pose>
		<truncated>0</truncated>
		<difficult>0</difficult>
		<occluded>0</occluded>
		<bndbox>
			<xmin>14</xmin>
			<xmax>133</xmax>
			<ymin>61</ymin>
			<ymax>344</ymax>
		</bndbox>
	</object>
	<object>
		<name>Car</name>
		<pose>Unspecified</pose>
		<truncated>0</truncated>
		<difficult>0</difficult>
		<occluded>0</occluded>
		<bndbox>
			<xmin>17</xmin>
			<xmax>115</xmax>
			<ymin>60</ymin>
			<ymax>294</ymax>
		</bndbox>
	</object>
	<object>
		<name>Car</name>
		<pose>Unspecified</pose>
		<truncated>0</truncated>
		<difficult>0</difficult>
		<occluded>0</occluded>
		<bndbox>
			<xmin>38</xmin>
			<xmax>372</xmax>
			<ymin>49</ymin>
			<ymax>408</ymax>
		</bndbox>
	</object>
	<object>
		<name>Car</name>
		<pose>Unspecified</pose>
		<truncated>0</truncated>
		<difficult>0</difficult>
		<occluded>0</occluded>
		<bndbox>
			<xmin>322</xmin>
			<xmax>416</xmax>
			<ymin>84</ymin>
			<ymax>217</ymax>
		</bndbox>
	</object>
</annotation>
