<annotation>
	<folder></folder>
	<filename>897ab2755c40c9d5_jpg.rf.fe61f1615dcc9d1880858afcdbd4f0ee.jpg</filename>
	<path>897ab2755c40c9d5_jpg.rf.fe61f1615dcc9d1880858afcdbd4f0ee.jpg</path>
	<source>
		<database>roboflow.ai</database>
	</source>
	<size>
		<width>416</width>
		<height>416</height>
		<depth>3</depth>
	</size>
	<segmented>0</segmented>
	<object>
		<name>Motorcycle</name>
		<pose>Unspecified</pose>
		<truncated>0</truncated>
		<difficult>0</difficult>
		<occluded>0</occluded>
		<bndbox>
			<xmin>20</xmin>
			<xmax>408</xmax>
			<ymin>24</ymin>
			<ymax>414</ymax>
		</bndbox>
	</object>
	<object>
		<name>Motorcycle</name>
		<pose>Unspecified</pose>
		<truncated>0</truncated>
		<difficult>0</difficult>
		<occluded>0</occluded>
		<bndbox>
			<xmin>1</xmin>
			<xmax>67</xmax>
			<ymin>179</ymin>
			<ymax>416</ymax>
		</bndbox>
	</object>
</annotation>
