<annotation>
	<folder></folder>
	<filename>8996881c2bf7245a_jpg.rf.1c7eee636f78a26de9f65dbe45f02ac7.jpg</filename>
	<path>8996881c2bf7245a_jpg.rf.1c7eee636f78a26de9f65dbe45f02ac7.jpg</path>
	<source>
		<database>roboflow.ai</database>
	</source>
	<size>
		<width>416</width>
		<height>416</height>
		<depth>3</depth>
	</size>
	<segmented>0</segmented>
	<object>
		<name>Car</name>
		<pose>Unspecified</pose>
		<truncated>0</truncated>
		<difficult>0</difficult>
		<occluded>0</occluded>
		<bndbox>
			<xmin>9</xmin>
			<xmax>189</xmax>
			<ymin>298</ymin>
			<ymax>406</ymax>
		</bndbox>
	</object>
</annotation>
