<annotation>
	<folder></folder>
	<filename>8a5fca0fcf22fed1_jpg.rf.4b4f085c9d7e7228da5b10b9e40db4d1.jpg</filename>
	<path>8a5fca0fcf22fed1_jpg.rf.4b4f085c9d7e7228da5b10b9e40db4d1.jpg</path>
	<source>
		<database>roboflow.ai</database>
	</source>
	<size>
		<width>416</width>
		<height>416</height>
		<depth>3</depth>
	</size>
	<segmented>0</segmented>
	<object>
		<name>Car</name>
		<pose>Unspecified</pose>
		<truncated>0</truncated>
		<difficult>0</difficult>
		<occluded>0</occluded>
		<bndbox>
			<xmin>80</xmin>
			<xmax>294</xmax>
			<ymin>119</ymin>
			<ymax>312</ymax>
		</bndbox>
	</object>
</annotation>
