<annotation>
	<folder></folder>
	<filename>8a72cf2f25b0b187_jpg.rf.e9bdb402ff4c919066a5785e6b9cf3f3.jpg</filename>
	<path>8a72cf2f25b0b187_jpg.rf.e9bdb402ff4c919066a5785e6b9cf3f3.jpg</path>
	<source>
		<database>roboflow.ai</database>
	</source>
	<size>
		<width>416</width>
		<height>416</height>
		<depth>3</depth>
	</size>
	<segmented>0</segmented>
	<object>
		<name>Car</name>
		<pose>Unspecified</pose>
		<truncated>0</truncated>
		<difficult>0</difficult>
		<occluded>0</occluded>
		<bndbox>
			<xmin>36</xmin>
			<xmax>266</xmax>
			<ymin>139</ymin>
			<ymax>332</ymax>
		</bndbox>
	</object>
	<object>
		<name>Car</name>
		<pose>Unspecified</pose>
		<truncated>0</truncated>
		<difficult>0</difficult>
		<occluded>0</occluded>
		<bndbox>
			<xmin>209</xmin>
			<xmax>378</xmax>
			<ymin>141</ymin>
			<ymax>231</ymax>
		</bndbox>
	</object>
</annotation>
