<annotation>
	<folder></folder>
	<filename>8a82a293c3687273_jpg.rf.3f6b79948a8055df914d464eb45c4ddb.jpg</filename>
	<path>8a82a293c3687273_jpg.rf.3f6b79948a8055df914d464eb45c4ddb.jpg</path>
	<source>
		<database>roboflow.ai</database>
	</source>
	<size>
		<width>416</width>
		<height>416</height>
		<depth>3</depth>
	</size>
	<segmented>0</segmented>
	<object>
		<name>Motorcycle</name>
		<pose>Unspecified</pose>
		<truncated>0</truncated>
		<difficult>0</difficult>
		<occluded>0</occluded>
		<bndbox>
			<xmin>233</xmin>
			<xmax>417</xmax>
			<ymin>38</ymin>
			<ymax>352</ymax>
		</bndbox>
	</object>
</annotation>
