<annotation>
	<folder></folder>
	<filename>8ab42b1f71d61b19_jpg.rf.2c3ca022aa5724820ada53da12da5a53.jpg</filename>
	<path>8ab42b1f71d61b19_jpg.rf.2c3ca022aa5724820ada53da12da5a53.jpg</path>
	<source>
		<database>roboflow.ai</database>
	</source>
	<size>
		<width>416</width>
		<height>416</height>
		<depth>3</depth>
	</size>
	<segmented>0</segmented>
	<object>
		<name>Car</name>
		<pose>Unspecified</pose>
		<truncated>0</truncated>
		<difficult>0</difficult>
		<occluded>0</occluded>
		<bndbox>
			<xmin>35</xmin>
			<xmax>352</xmax>
			<ymin>79</ymin>
			<ymax>329</ymax>
		</bndbox>
	</object>
</annotation>
