<annotation>
	<folder></folder>
	<filename>8ac16d8c5aed72c7_jpg.rf.90e1442c121ceb4121a39e8c87ebeb74.jpg</filename>
	<path>8ac16d8c5aed72c7_jpg.rf.90e1442c121ceb4121a39e8c87ebeb74.jpg</path>
	<source>
		<database>roboflow.ai</database>
	</source>
	<size>
		<width>416</width>
		<height>416</height>
		<depth>3</depth>
	</size>
	<segmented>0</segmented>
	<object>
		<name>Car</name>
		<pose>Unspecified</pose>
		<truncated>0</truncated>
		<difficult>0</difficult>
		<occluded>0</occluded>
		<bndbox>
			<xmin>19</xmin>
			<xmax>405</xmax>
			<ymin>82</ymin>
			<ymax>368</ymax>
		</bndbox>
	</object>
	<object>
		<name>Car</name>
		<pose>Unspecified</pose>
		<truncated>0</truncated>
		<difficult>0</difficult>
		<occluded>0</occluded>
		<bndbox>
			<xmin>316</xmin>
			<xmax>412</xmax>
			<ymin>84</ymin>
			<ymax>128</ymax>
		</bndbox>
	</object>
</annotation>
