<annotation>
	<folder></folder>
	<filename>8bffd89b6cda54fe_jpg.rf.6ff30c89414391a50492f16dac4319c3.jpg</filename>
	<path>8bffd89b6cda54fe_jpg.rf.6ff30c89414391a50492f16dac4319c3.jpg</path>
	<source>
		<database>roboflow.ai</database>
	</source>
	<size>
		<width>416</width>
		<height>416</height>
		<depth>3</depth>
	</size>
	<segmented>0</segmented>
	<object>
		<name>Car</name>
		<pose>Unspecified</pose>
		<truncated>0</truncated>
		<difficult>0</difficult>
		<occluded>0</occluded>
		<bndbox>
			<xmin>124</xmin>
			<xmax>412</xmax>
			<ymin>231</ymin>
			<ymax>390</ymax>
		</bndbox>
	</object>
	<object>
		<name>Car</name>
		<pose>Unspecified</pose>
		<truncated>0</truncated>
		<difficult>0</difficult>
		<occluded>0</occluded>
		<bndbox>
			<xmin>14</xmin>
			<xmax>193</xmax>
			<ymin>217</ymin>
			<ymax>338</ymax>
		</bndbox>
	</object>
	<object>
		<name>Car</name>
		<pose>Unspecified</pose>
		<truncated>0</truncated>
		<difficult>0</difficult>
		<occluded>0</occluded>
		<bndbox>
			<xmin>200</xmin>
			<xmax>207</xmax>
			<ymin>182</ymin>
			<ymax>186</ymax>
		</bndbox>
	</object>
</annotation>
