<annotation>
	<folder></folder>
	<filename>8d0f8a2eb446328a_jpg.rf.5224504d70335945173d415fcc385a1e.jpg</filename>
	<path>8d0f8a2eb446328a_jpg.rf.5224504d70335945173d415fcc385a1e.jpg</path>
	<source>
		<database>roboflow.ai</database>
	</source>
	<size>
		<width>416</width>
		<height>416</height>
		<depth>3</depth>
	</size>
	<segmented>0</segmented>
	<object>
		<name>Bus</name>
		<pose>Unspecified</pose>
		<truncated>0</truncated>
		<difficult>0</difficult>
		<occluded>0</occluded>
		<bndbox>
			<xmin>1</xmin>
			<xmax>79</xmax>
			<ymin>215</ymin>
			<ymax>268</ymax>
		</bndbox>
	</object>
	<object>
		<name>Bus</name>
		<pose>Unspecified</pose>
		<truncated>0</truncated>
		<difficult>0</difficult>
		<occluded>0</occluded>
		<bndbox>
			<xmin>73</xmin>
			<xmax>285</xmax>
			<ymin>189</ymin>
			<ymax>302</ymax>
		</bndbox>
	</object>
</annotation>
