<annotation>
	<folder></folder>
	<filename>8d7a89e438cd9f89_jpg.rf.640623662552cbc40eff30be66754e55.jpg</filename>
	<path>8d7a89e438cd9f89_jpg.rf.640623662552cbc40eff30be66754e55.jpg</path>
	<source>
		<database>roboflow.ai</database>
	</source>
	<size>
		<width>416</width>
		<height>416</height>
		<depth>3</depth>
	</size>
	<segmented>0</segmented>
	<object>
		<name>Ambulance</name>
		<pose>Unspecified</pose>
		<truncated>0</truncated>
		<difficult>0</difficult>
		<occluded>0</occluded>
		<bndbox>
			<xmin>154</xmin>
			<xmax>349</xmax>
			<ymin>119</ymin>
			<ymax>319</ymax>
		</bndbox>
	</object>
</annotation>
