<annotation>
	<folder></folder>
	<filename>8d96556cdec8743f_jpg.rf.bc480d4ca0e7ec8bdb20f41ab0d67bf9.jpg</filename>
	<path>8d96556cdec8743f_jpg.rf.bc480d4ca0e7ec8bdb20f41ab0d67bf9.jpg</path>
	<source>
		<database>roboflow.ai</database>
	</source>
	<size>
		<width>416</width>
		<height>416</height>
		<depth>3</depth>
	</size>
	<segmented>0</segmented>
	<object>
		<name>Car</name>
		<pose>Unspecified</pose>
		<truncated>0</truncated>
		<difficult>0</difficult>
		<occluded>0</occluded>
		<bndbox>
			<xmin>1</xmin>
			<xmax>407</xmax>
			<ymin>33</ymin>
			<ymax>409</ymax>
		</bndbox>
	</object>
</annotation>
