<annotation>
	<folder></folder>
	<filename>8e1ded483cacc175_jpg.rf.f4e5c848df67354c6cecf7549250a18d.jpg</filename>
	<path>8e1ded483cacc175_jpg.rf.f4e5c848df67354c6cecf7549250a18d.jpg</path>
	<source>
		<database>roboflow.ai</database>
	</source>
	<size>
		<width>416</width>
		<height>416</height>
		<depth>3</depth>
	</size>
	<segmented>0</segmented>
	<object>
		<name>Truck</name>
		<pose>Unspecified</pose>
		<truncated>0</truncated>
		<difficult>0</difficult>
		<occluded>0</occluded>
		<bndbox>
			<xmin>214</xmin>
			<xmax>411</xmax>
			<ymin>91</ymin>
			<ymax>287</ymax>
		</bndbox>
	</object>
</annotation>
