<annotation>
	<folder></folder>
	<filename>8e7132bac206401a_jpg.rf.2746c0404e645c38981e0645a74eadde.jpg</filename>
	<path>8e7132bac206401a_jpg.rf.2746c0404e645c38981e0645a74eadde.jpg</path>
	<source>
		<database>roboflow.ai</database>
	</source>
	<size>
		<width>416</width>
		<height>416</height>
		<depth>3</depth>
	</size>
	<segmented>0</segmented>
	<object>
		<name>Bus</name>
		<pose>Unspecified</pose>
		<truncated>0</truncated>
		<difficult>0</difficult>
		<occluded>0</occluded>
		<bndbox>
			<xmin>47</xmin>
			<xmax>404</xmax>
			<ymin>21</ymin>
			<ymax>395</ymax>
		</bndbox>
	</object>
</annotation>
