<annotation>
	<folder></folder>
	<filename>8ee800b43a4797d5_jpg.rf.b954d5ee13d24be8f00e5a74770f3ab6.jpg</filename>
	<path>8ee800b43a4797d5_jpg.rf.b954d5ee13d24be8f00e5a74770f3ab6.jpg</path>
	<source>
		<database>roboflow.ai</database>
	</source>
	<size>
		<width>416</width>
		<height>416</height>
		<depth>3</depth>
	</size>
	<segmented>0</segmented>
	<object>
		<name>Motorcycle</name>
		<pose>Unspecified</pose>
		<truncated>0</truncated>
		<difficult>0</difficult>
		<occluded>0</occluded>
		<bndbox>
			<xmin>180</xmin>
			<xmax>296</xmax>
			<ymin>183</ymin>
			<ymax>354</ymax>
		</bndbox>
	</object>
</annotation>
