<annotation>
	<folder></folder>
	<filename>90ddce2c65dec1cf_jpg.rf.97a0ac4dd578a28403dee4e09a73d982.jpg</filename>
	<path>90ddce2c65dec1cf_jpg.rf.97a0ac4dd578a28403dee4e09a73d982.jpg</path>
	<source>
		<database>roboflow.ai</database>
	</source>
	<size>
		<width>416</width>
		<height>416</height>
		<depth>3</depth>
	</size>
	<segmented>0</segmented>
	<object>
		<name>Car</name>
		<pose>Unspecified</pose>
		<truncated>0</truncated>
		<difficult>0</difficult>
		<occluded>0</occluded>
		<bndbox>
			<xmin>43</xmin>
			<xmax>152</xmax>
			<ymin>271</ymin>
			<ymax>343</ymax>
		</bndbox>
	</object>
</annotation>
