<annotation>
	<folder></folder>
	<filename>91173b5d90e594b4_jpg.rf.0f571fcc27e236e8695e21f0fc9d1f27.jpg</filename>
	<path>91173b5d90e594b4_jpg.rf.0f571fcc27e236e8695e21f0fc9d1f27.jpg</path>
	<source>
		<database>roboflow.ai</database>
	</source>
	<size>
		<width>416</width>
		<height>416</height>
		<depth>3</depth>
	</size>
	<segmented>0</segmented>
	<object>
		<name>Ambulance</name>
		<pose>Unspecified</pose>
		<truncated>0</truncated>
		<difficult>0</difficult>
		<occluded>0</occluded>
		<bndbox>
			<xmin>14</xmin>
			<xmax>416</xmax>
			<ymin>44</ymin>
			<ymax>368</ymax>
		</bndbox>
	</object>
</annotation>
