<annotation>
	<folder></folder>
	<filename>91e11943f15e4b3c_jpg.rf.0f725f154b87a73255ad71ba1ddad5fc.jpg</filename>
	<path>91e11943f15e4b3c_jpg.rf.0f725f154b87a73255ad71ba1ddad5fc.jpg</path>
	<source>
		<database>roboflow.ai</database>
	</source>
	<size>
		<width>416</width>
		<height>416</height>
		<depth>3</depth>
	</size>
	<segmented>0</segmented>
	<object>
		<name>Car</name>
		<pose>Unspecified</pose>
		<truncated>0</truncated>
		<difficult>0</difficult>
		<occluded>0</occluded>
		<bndbox>
			<xmin>62</xmin>
			<xmax>351</xmax>
			<ymin>89</ymin>
			<ymax>269</ymax>
		</bndbox>
	</object>
</annotation>
