<annotation>
	<folder></folder>
	<filename>933a65f721f20680_jpg.rf.ddfd812360fe57ff174ca9026fa0e683.jpg</filename>
	<path>933a65f721f20680_jpg.rf.ddfd812360fe57ff174ca9026fa0e683.jpg</path>
	<source>
		<database>roboflow.ai</database>
	</source>
	<size>
		<width>416</width>
		<height>416</height>
		<depth>3</depth>
	</size>
	<segmented>0</segmented>
	<object>
		<name>Motorcycle</name>
		<pose>Unspecified</pose>
		<truncated>0</truncated>
		<difficult>0</difficult>
		<occluded>0</occluded>
		<bndbox>
			<xmin>58</xmin>
			<xmax>417</xmax>
			<ymin>10</ymin>
			<ymax>417</ymax>
		</bndbox>
	</object>
</annotation>
