<annotation>
	<folder></folder>
	<filename>93684b17bf1c1b0f_jpg.rf.8b2a7568de7e967378ce5a274cde0c89.jpg</filename>
	<path>93684b17bf1c1b0f_jpg.rf.8b2a7568de7e967378ce5a274cde0c89.jpg</path>
	<source>
		<database>roboflow.ai</database>
	</source>
	<size>
		<width>416</width>
		<height>416</height>
		<depth>3</depth>
	</size>
	<segmented>0</segmented>
	<object>
		<name>Bus</name>
		<pose>Unspecified</pose>
		<truncated>0</truncated>
		<difficult>0</difficult>
		<occluded>0</occluded>
		<bndbox>
			<xmin>34</xmin>
			<xmax>383</xmax>
			<ymin>94</ymin>
			<ymax>314</ymax>
		</bndbox>
	</object>
</annotation>
