<annotation>
	<folder></folder>
	<filename>94003454cbe9f9ca_jpg.rf.687c327ccf8fab237e0fb2d2630fdcb3.jpg</filename>
	<path>94003454cbe9f9ca_jpg.rf.687c327ccf8fab237e0fb2d2630fdcb3.jpg</path>
	<source>
		<database>roboflow.ai</database>
	</source>
	<size>
		<width>416</width>
		<height>416</height>
		<depth>3</depth>
	</size>
	<segmented>0</segmented>
	<object>
		<name>Car</name>
		<pose>Unspecified</pose>
		<truncated>0</truncated>
		<difficult>0</difficult>
		<occluded>0</occluded>
		<bndbox>
			<xmin>104</xmin>
			<xmax>150</xmax>
			<ymin>239</ymin>
			<ymax>302</ymax>
		</bndbox>
	</object>
	<object>
		<name>Car</name>
		<pose>Unspecified</pose>
		<truncated>0</truncated>
		<difficult>0</difficult>
		<occluded>0</occluded>
		<bndbox>
			<xmin>49</xmin>
			<xmax>61</xmax>
			<ymin>231</ymin>
			<ymax>247</ymax>
		</bndbox>
	</object>
</annotation>
