<annotation>
	<folder></folder>
	<filename>944965d358ae7d52_jpg.rf.dc6d717ba131e34ba2257a1114a669d5.jpg</filename>
	<path>944965d358ae7d52_jpg.rf.dc6d717ba131e34ba2257a1114a669d5.jpg</path>
	<source>
		<database>roboflow.ai</database>
	</source>
	<size>
		<width>416</width>
		<height>416</height>
		<depth>3</depth>
	</size>
	<segmented>0</segmented>
	<object>
		<name>Truck</name>
		<pose>Unspecified</pose>
		<truncated>0</truncated>
		<difficult>0</difficult>
		<occluded>0</occluded>
		<bndbox>
			<xmin>27</xmin>
			<xmax>370</xmax>
			<ymin>16</ymin>
			<ymax>392</ymax>
		</bndbox>
	</object>
</annotation>
