<annotation>
	<folder></folder>
	<filename>954544f166417294_jpg.rf.70ec01c9264d60df1245b2ad670dd592.jpg</filename>
	<path>954544f166417294_jpg.rf.70ec01c9264d60df1245b2ad670dd592.jpg</path>
	<source>
		<database>roboflow.ai</database>
	</source>
	<size>
		<width>416</width>
		<height>416</height>
		<depth>3</depth>
	</size>
	<segmented>0</segmented>
	<object>
		<name>Car</name>
		<pose>Unspecified</pose>
		<truncated>0</truncated>
		<difficult>0</difficult>
		<occluded>0</occluded>
		<bndbox>
			<xmin>43</xmin>
			<xmax>247</xmax>
			<ymin>287</ymin>
			<ymax>376</ymax>
		</bndbox>
	</object>
</annotation>
