<annotation>
	<folder></folder>
	<filename>962a308b6a4b2fbc_jpg.rf.d46abc828a8804e589666b61bf36a735.jpg</filename>
	<path>962a308b6a4b2fbc_jpg.rf.d46abc828a8804e589666b61bf36a735.jpg</path>
	<source>
		<database>roboflow.ai</database>
	</source>
	<size>
		<width>416</width>
		<height>416</height>
		<depth>3</depth>
	</size>
	<segmented>0</segmented>
	<object>
		<name>Car</name>
		<pose>Unspecified</pose>
		<truncated>0</truncated>
		<difficult>0</difficult>
		<occluded>0</occluded>
		<bndbox>
			<xmin>10</xmin>
			<xmax>394</xmax>
			<ymin>129</ymin>
			<ymax>376</ymax>
		</bndbox>
	</object>
	<object>
		<name>Car</name>
		<pose>Unspecified</pose>
		<truncated>0</truncated>
		<difficult>0</difficult>
		<occluded>0</occluded>
		<bndbox>
			<xmin>331</xmin>
			<xmax>417</xmax>
			<ymin>153</ymin>
			<ymax>337</ymax>
		</bndbox>
	</object>
</annotation>
