<annotation>
	<folder></folder>
	<filename>96fa09e7f79763dc_jpg.rf.a6bbfe7df90e24dbc79983f320369ac7.jpg</filename>
	<path>96fa09e7f79763dc_jpg.rf.a6bbfe7df90e24dbc79983f320369ac7.jpg</path>
	<source>
		<database>roboflow.ai</database>
	</source>
	<size>
		<width>416</width>
		<height>416</height>
		<depth>3</depth>
	</size>
	<segmented>0</segmented>
	<object>
		<name>Motorcycle</name>
		<pose>Unspecified</pose>
		<truncated>0</truncated>
		<difficult>0</difficult>
		<occluded>0</occluded>
		<bndbox>
			<xmin>106</xmin>
			<xmax>329</xmax>
			<ymin>1</ymin>
			<ymax>415</ymax>
		</bndbox>
	</object>
</annotation>
