<annotation>
	<folder></folder>
	<filename>9796bc10908e02b3_jpg.rf.04f77735d72f846309f926d866f63f2b.jpg</filename>
	<path>9796bc10908e02b3_jpg.rf.04f77735d72f846309f926d866f63f2b.jpg</path>
	<source>
		<database>roboflow.ai</database>
	</source>
	<size>
		<width>416</width>
		<height>416</height>
		<depth>3</depth>
	</size>
	<segmented>0</segmented>
	<object>
		<name>Motorcycle</name>
		<pose>Unspecified</pose>
		<truncated>0</truncated>
		<difficult>0</difficult>
		<occluded>0</occluded>
		<bndbox>
			<xmin>44</xmin>
			<xmax>372</xmax>
			<ymin>132</ymin>
			<ymax>336</ymax>
		</bndbox>
	</object>
	<object>
		<name>Motorcycle</name>
		<pose>Unspecified</pose>
		<truncated>0</truncated>
		<difficult>0</difficult>
		<occluded>0</occluded>
		<bndbox>
			<xmin>1</xmin>
			<xmax>111</xmax>
			<ymin>151</ymin>
			<ymax>256</ymax>
		</bndbox>
	</object>
</annotation>
