<annotation>
	<folder></folder>
	<filename>9854a4a7f8550050_jpg.rf.7eaeb9b19e419637930a1abf36f980f5.jpg</filename>
	<path>9854a4a7f8550050_jpg.rf.7eaeb9b19e419637930a1abf36f980f5.jpg</path>
	<source>
		<database>roboflow.ai</database>
	</source>
	<size>
		<width>416</width>
		<height>416</height>
		<depth>3</depth>
	</size>
	<segmented>0</segmented>
	<object>
		<name>Bus</name>
		<pose>Unspecified</pose>
		<truncated>0</truncated>
		<difficult>0</difficult>
		<occluded>0</occluded>
		<bndbox>
			<xmin>126</xmin>
			<xmax>376</xmax>
			<ymin>68</ymin>
			<ymax>317</ymax>
		</bndbox>
	</object>
</annotation>
