<annotation>
	<folder></folder>
	<filename>98578c917503867e_jpg.rf.0aebaa016f44afa21c1b0aa51bb9fda8.jpg</filename>
	<path>98578c917503867e_jpg.rf.0aebaa016f44afa21c1b0aa51bb9fda8.jpg</path>
	<source>
		<database>roboflow.ai</database>
	</source>
	<size>
		<width>416</width>
		<height>416</height>
		<depth>3</depth>
	</size>
	<segmented>0</segmented>
	<object>
		<name>Car</name>
		<pose>Unspecified</pose>
		<truncated>0</truncated>
		<difficult>0</difficult>
		<occluded>0</occluded>
		<bndbox>
			<xmin>1</xmin>
			<xmax>367</xmax>
			<ymin>1</ymin>
			<ymax>349</ymax>
		</bndbox>
	</object>
</annotation>
