<annotation>
	<folder></folder>
	<filename>991d4282940eb27a_jpg.rf.703ace91166724c5483b7c50625a6635.jpg</filename>
	<path>991d4282940eb27a_jpg.rf.703ace91166724c5483b7c50625a6635.jpg</path>
	<source>
		<database>roboflow.ai</database>
	</source>
	<size>
		<width>416</width>
		<height>416</height>
		<depth>3</depth>
	</size>
	<segmented>0</segmented>
	<object>
		<name>Car</name>
		<pose>Unspecified</pose>
		<truncated>0</truncated>
		<difficult>0</difficult>
		<occluded>0</occluded>
		<bndbox>
			<xmin>69</xmin>
			<xmax>178</xmax>
			<ymin>159</ymin>
			<ymax>245</ymax>
		</bndbox>
	</object>
	<object>
		<name>Car</name>
		<pose>Unspecified</pose>
		<truncated>0</truncated>
		<difficult>0</difficult>
		<occluded>0</occluded>
		<bndbox>
			<xmin>170</xmin>
			<xmax>417</xmax>
			<ymin>93</ymin>
			<ymax>369</ymax>
		</bndbox>
	</object>
</annotation>
