<annotation>
	<folder></folder>
	<filename>9a6f354940e93dd4_jpg.rf.008dbe42611b61d5961f6e7f48d96164.jpg</filename>
	<path>9a6f354940e93dd4_jpg.rf.008dbe42611b61d5961f6e7f48d96164.jpg</path>
	<source>
		<database>roboflow.ai</database>
	</source>
	<size>
		<width>416</width>
		<height>416</height>
		<depth>3</depth>
	</size>
	<segmented>0</segmented>
	<object>
		<name>Car</name>
		<pose>Unspecified</pose>
		<truncated>0</truncated>
		<difficult>0</difficult>
		<occluded>0</occluded>
		<bndbox>
			<xmin>24</xmin>
			<xmax>361</xmax>
			<ymin>38</ymin>
			<ymax>369</ymax>
		</bndbox>
	</object>
	<object>
		<name>Car</name>
		<pose>Unspecified</pose>
		<truncated>0</truncated>
		<difficult>0</difficult>
		<occluded>0</occluded>
		<bndbox>
			<xmin>326</xmin>
			<xmax>355</xmax>
			<ymin>151</ymin>
			<ymax>180</ymax>
		</bndbox>
	</object>
</annotation>
