<annotation>
	<folder></folder>
	<filename>9b57ee9468a373aa_jpg.rf.12cfc85805dd32f38b0fdeb9b59b56be.jpg</filename>
	<path>9b57ee9468a373aa_jpg.rf.12cfc85805dd32f38b0fdeb9b59b56be.jpg</path>
	<source>
		<database>roboflow.ai</database>
	</source>
	<size>
		<width>416</width>
		<height>416</height>
		<depth>3</depth>
	</size>
	<segmented>0</segmented>
	<object>
		<name>Bus</name>
		<pose>Unspecified</pose>
		<truncated>0</truncated>
		<difficult>0</difficult>
		<occluded>0</occluded>
		<bndbox>
			<xmin>148</xmin>
			<xmax>160</xmax>
			<ymin>249</ymin>
			<ymax>270</ymax>
		</bndbox>
	</object>
	<object>
		<name>Bus</name>
		<pose>Unspecified</pose>
		<truncated>0</truncated>
		<difficult>0</difficult>
		<occluded>0</occluded>
		<bndbox>
			<xmin>195</xmin>
			<xmax>304</xmax>
			<ymin>106</ymin>
			<ymax>358</ymax>
		</bndbox>
	</object>
</annotation>
