<annotation>
	<folder></folder>
	<filename>9c5cf4fed30054f2_jpg.rf.8d59bf23b1838d6673d56f2993118edd.jpg</filename>
	<path>9c5cf4fed30054f2_jpg.rf.8d59bf23b1838d6673d56f2993118edd.jpg</path>
	<source>
		<database>roboflow.ai</database>
	</source>
	<size>
		<width>416</width>
		<height>416</height>
		<depth>3</depth>
	</size>
	<segmented>0</segmented>
	<object>
		<name>Truck</name>
		<pose>Unspecified</pose>
		<truncated>0</truncated>
		<difficult>0</difficult>
		<occluded>0</occluded>
		<bndbox>
			<xmin>113</xmin>
			<xmax>353</xmax>
			<ymin>68</ymin>
			<ymax>374</ymax>
		</bndbox>
	</object>
</annotation>
