<annotation>
	<folder></folder>
	<filename>9c8ca199afe3eab2_jpg.rf.b8ad4af3c4bac001d54e9aa52373776b.jpg</filename>
	<path>9c8ca199afe3eab2_jpg.rf.b8ad4af3c4bac001d54e9aa52373776b.jpg</path>
	<source>
		<database>roboflow.ai</database>
	</source>
	<size>
		<width>416</width>
		<height>416</height>
		<depth>3</depth>
	</size>
	<segmented>0</segmented>
	<object>
		<name>Motorcycle</name>
		<pose>Unspecified</pose>
		<truncated>0</truncated>
		<difficult>0</difficult>
		<occluded>0</occluded>
		<bndbox>
			<xmin>226</xmin>
			<xmax>354</xmax>
			<ymin>150</ymin>
			<ymax>400</ymax>
		</bndbox>
	</object>
	<object>
		<name>Motorcycle</name>
		<pose>Unspecified</pose>
		<truncated>0</truncated>
		<difficult>0</difficult>
		<occluded>0</occluded>
		<bndbox>
			<xmin>71</xmin>
			<xmax>240</xmax>
			<ymin>118</ymin>
			<ymax>396</ymax>
		</bndbox>
	</object>
</annotation>
