<annotation>
	<folder></folder>
	<filename>9c8fc20bce80d5d0_jpg.rf.e41896119f91b2cfaaa34ee20714d33f.jpg</filename>
	<path>9c8fc20bce80d5d0_jpg.rf.e41896119f91b2cfaaa34ee20714d33f.jpg</path>
	<source>
		<database>roboflow.ai</database>
	</source>
	<size>
		<width>416</width>
		<height>416</height>
		<depth>3</depth>
	</size>
	<segmented>0</segmented>
	<object>
		<name>Bus</name>
		<pose>Unspecified</pose>
		<truncated>0</truncated>
		<difficult>0</difficult>
		<occluded>0</occluded>
		<bndbox>
			<xmin>213</xmin>
			<xmax>291</xmax>
			<ymin>188</ymin>
			<ymax>277</ymax>
		</bndbox>
	</object>
</annotation>
