<annotation>
	<folder></folder>
	<filename>9d328718dcef1817_jpg.rf.49f7256de68dccfe318a134374fe6fdd.jpg</filename>
	<path>9d328718dcef1817_jpg.rf.49f7256de68dccfe318a134374fe6fdd.jpg</path>
	<source>
		<database>roboflow.ai</database>
	</source>
	<size>
		<width>416</width>
		<height>416</height>
		<depth>3</depth>
	</size>
	<segmented>0</segmented>
	<object>
		<name>Car</name>
		<pose>Unspecified</pose>
		<truncated>0</truncated>
		<difficult>0</difficult>
		<occluded>0</occluded>
		<bndbox>
			<xmin>92</xmin>
			<xmax>368</xmax>
			<ymin>97</ymin>
			<ymax>359</ymax>
		</bndbox>
	</object>
	<object>
		<name>Car</name>
		<pose>Unspecified</pose>
		<truncated>0</truncated>
		<difficult>0</difficult>
		<occluded>0</occluded>
		<bndbox>
			<xmin>350</xmin>
			<xmax>417</xmax>
			<ymin>74</ymin>
			<ymax>166</ymax>
		</bndbox>
	</object>
</annotation>
