<annotation>
	<folder></folder>
	<filename>9d3c9b88e091fd93_jpg.rf.c92d86f521d6624a5a95a4e1eb208053.jpg</filename>
	<path>9d3c9b88e091fd93_jpg.rf.c92d86f521d6624a5a95a4e1eb208053.jpg</path>
	<source>
		<database>roboflow.ai</database>
	</source>
	<size>
		<width>416</width>
		<height>416</height>
		<depth>3</depth>
	</size>
	<segmented>0</segmented>
	<object>
		<name>Motorcycle</name>
		<pose>Unspecified</pose>
		<truncated>0</truncated>
		<difficult>0</difficult>
		<occluded>0</occluded>
		<bndbox>
			<xmin>12</xmin>
			<xmax>417</xmax>
			<ymin>64</ymin>
			<ymax>386</ymax>
		</bndbox>
	</object>
</annotation>
