<annotation>
	<folder></folder>
	<filename>9ead2683d36b6457_jpg.rf.aa1833102dfc2efff4aadf4c67acc82e.jpg</filename>
	<path>9ead2683d36b6457_jpg.rf.aa1833102dfc2efff4aadf4c67acc82e.jpg</path>
	<source>
		<database>roboflow.ai</database>
	</source>
	<size>
		<width>416</width>
		<height>416</height>
		<depth>3</depth>
	</size>
	<segmented>0</segmented>
	<object>
		<name>Truck</name>
		<pose>Unspecified</pose>
		<truncated>0</truncated>
		<difficult>0</difficult>
		<occluded>0</occluded>
		<bndbox>
			<xmin>42</xmin>
			<xmax>340</xmax>
			<ymin>83</ymin>
			<ymax>356</ymax>
		</bndbox>
	</object>
</annotation>
