<annotation>
	<folder></folder>
	<filename>9eb47e708593623d_jpg.rf.86bc1ac33b78de33e812e74981c92d5d.jpg</filename>
	<path>9eb47e708593623d_jpg.rf.86bc1ac33b78de33e812e74981c92d5d.jpg</path>
	<source>
		<database>roboflow.ai</database>
	</source>
	<size>
		<width>416</width>
		<height>416</height>
		<depth>3</depth>
	</size>
	<segmented>0</segmented>
	<object>
		<name>Ambulance</name>
		<pose>Unspecified</pose>
		<truncated>0</truncated>
		<difficult>0</difficult>
		<occluded>0</occluded>
		<bndbox>
			<xmin>59</xmin>
			<xmax>260</xmax>
			<ymin>104</ymin>
			<ymax>375</ymax>
		</bndbox>
	</object>
</annotation>
