<annotation>
	<folder></folder>
	<filename>9f44fe965d91b697_jpg.rf.14fd35b087fea32023660e19f43ab09d.jpg</filename>
	<path>9f44fe965d91b697_jpg.rf.14fd35b087fea32023660e19f43ab09d.jpg</path>
	<source>
		<database>roboflow.ai</database>
	</source>
	<size>
		<width>416</width>
		<height>416</height>
		<depth>3</depth>
	</size>
	<segmented>0</segmented>
	<object>
		<name>Car</name>
		<pose>Unspecified</pose>
		<truncated>0</truncated>
		<difficult>0</difficult>
		<occluded>0</occluded>
		<bndbox>
			<xmin>13</xmin>
			<xmax>63</xmax>
			<ymin>219</ymin>
			<ymax>242</ymax>
		</bndbox>
	</object>
	<object>
		<name>Car</name>
		<pose>Unspecified</pose>
		<truncated>0</truncated>
		<difficult>0</difficult>
		<occluded>0</occluded>
		<bndbox>
			<xmin>60</xmin>
			<xmax>100</xmax>
			<ymin>218</ymin>
			<ymax>236</ymax>
		</bndbox>
	</object>
</annotation>
