<annotation>
	<folder></folder>
	<filename>a0b5db178759f6ca_jpg.rf.128bb5f0660a00ab81408f16bc1de295.jpg</filename>
	<path>a0b5db178759f6ca_jpg.rf.128bb5f0660a00ab81408f16bc1de295.jpg</path>
	<source>
		<database>roboflow.ai</database>
	</source>
	<size>
		<width>416</width>
		<height>416</height>
		<depth>3</depth>
	</size>
	<segmented>0</segmented>
	<object>
		<name>Motorcycle</name>
		<pose>Unspecified</pose>
		<truncated>0</truncated>
		<difficult>0</difficult>
		<occluded>0</occluded>
		<bndbox>
			<xmin>218</xmin>
			<xmax>290</xmax>
			<ymin>226</ymin>
			<ymax>417</ymax>
		</bndbox>
	</object>
</annotation>
