<annotation>
	<folder></folder>
	<filename>a15cccae5ae7bcb5_jpg.rf.b1158eb163582d5953d30b4a62a01bbb.jpg</filename>
	<path>a15cccae5ae7bcb5_jpg.rf.b1158eb163582d5953d30b4a62a01bbb.jpg</path>
	<source>
		<database>roboflow.ai</database>
	</source>
	<size>
		<width>416</width>
		<height>416</height>
		<depth>3</depth>
	</size>
	<segmented>0</segmented>
	<object>
		<name>Truck</name>
		<pose>Unspecified</pose>
		<truncated>0</truncated>
		<difficult>0</difficult>
		<occluded>0</occluded>
		<bndbox>
			<xmin>3</xmin>
			<xmax>245</xmax>
			<ymin>179</ymin>
			<ymax>390</ymax>
		</bndbox>
	</object>
</annotation>
