<annotation>
	<folder></folder>
	<filename>a238a0fee56f0d0c_jpg.rf.f107b570b5e8d64da1efea1ed4edbd2f.jpg</filename>
	<path>a238a0fee56f0d0c_jpg.rf.f107b570b5e8d64da1efea1ed4edbd2f.jpg</path>
	<source>
		<database>roboflow.ai</database>
	</source>
	<size>
		<width>416</width>
		<height>416</height>
		<depth>3</depth>
	</size>
	<segmented>0</segmented>
	<object>
		<name>Ambulance</name>
		<pose>Unspecified</pose>
		<truncated>0</truncated>
		<difficult>0</difficult>
		<occluded>0</occluded>
		<bndbox>
			<xmin>365</xmin>
			<xmax>417</xmax>
			<ymin>263</ymin>
			<ymax>407</ymax>
		</bndbox>
	</object>
</annotation>
