<annotation>
	<folder></folder>
	<filename>a24ece83e775a4de_jpg.rf.6473300495dcc23948d69b0407ca54b2.jpg</filename>
	<path>a24ece83e775a4de_jpg.rf.6473300495dcc23948d69b0407ca54b2.jpg</path>
	<source>
		<database>roboflow.ai</database>
	</source>
	<size>
		<width>416</width>
		<height>416</height>
		<depth>3</depth>
	</size>
	<segmented>0</segmented>
	<object>
		<name>Car</name>
		<pose>Unspecified</pose>
		<truncated>0</truncated>
		<difficult>0</difficult>
		<occluded>0</occluded>
		<bndbox>
			<xmin>116</xmin>
			<xmax>301</xmax>
			<ymin>34</ymin>
			<ymax>230</ymax>
		</bndbox>
	</object>
	<object>
		<name>Car</name>
		<pose>Unspecified</pose>
		<truncated>0</truncated>
		<difficult>0</difficult>
		<occluded>0</occluded>
		<bndbox>
			<xmin>1</xmin>
			<xmax>13</xmax>
			<ymin>108</ymin>
			<ymax>172</ymax>
		</bndbox>
	</object>
	<object>
		<name>Car</name>
		<pose>Unspecified</pose>
		<truncated>0</truncated>
		<difficult>0</difficult>
		<occluded>0</occluded>
		<bndbox>
			<xmin>85</xmin>
			<xmax>112</xmax>
			<ymin>105</ymin>
			<ymax>132</ymax>
		</bndbox>
	</object>
	<object>
		<name>Car</name>
		<pose>Unspecified</pose>
		<truncated>0</truncated>
		<difficult>0</difficult>
		<occluded>0</occluded>
		<bndbox>
			<xmin>293</xmin>
			<xmax>325</xmax>
			<ymin>68</ymin>
			<ymax>110</ymax>
		</bndbox>
	</object>
</annotation>
