<annotation>
	<folder></folder>
	<filename>a37730f43629ed00_jpg.rf.1f16c73c7faf6a7ee353caadd2c18f76.jpg</filename>
	<path>a37730f43629ed00_jpg.rf.1f16c73c7faf6a7ee353caadd2c18f76.jpg</path>
	<source>
		<database>roboflow.ai</database>
	</source>
	<size>
		<width>416</width>
		<height>416</height>
		<depth>3</depth>
	</size>
	<segmented>0</segmented>
	<object>
		<name>Car</name>
		<pose>Unspecified</pose>
		<truncated>0</truncated>
		<difficult>0</difficult>
		<occluded>0</occluded>
		<bndbox>
			<xmin>14</xmin>
			<xmax>390</xmax>
			<ymin>154</ymin>
			<ymax>335</ymax>
		</bndbox>
	</object>
	<object>
		<name>Car</name>
		<pose>Unspecified</pose>
		<truncated>0</truncated>
		<difficult>0</difficult>
		<occluded>0</occluded>
		<bndbox>
			<xmin>371</xmin>
			<xmax>416</xmax>
			<ymin>201</ymin>
			<ymax>247</ymax>
		</bndbox>
	</object>
</annotation>
