<annotation>
	<folder></folder>
	<filename>a438cdc02b45c29c_jpg.rf.58353336b558cea1be564613121f2e07.jpg</filename>
	<path>a438cdc02b45c29c_jpg.rf.58353336b558cea1be564613121f2e07.jpg</path>
	<source>
		<database>roboflow.ai</database>
	</source>
	<size>
		<width>416</width>
		<height>416</height>
		<depth>3</depth>
	</size>
	<segmented>0</segmented>
	<object>
		<name>Motorcycle</name>
		<pose>Unspecified</pose>
		<truncated>0</truncated>
		<difficult>0</difficult>
		<occluded>0</occluded>
		<bndbox>
			<xmin>82</xmin>
			<xmax>319</xmax>
			<ymin>125</ymin>
			<ymax>281</ymax>
		</bndbox>
	</object>
</annotation>
