<annotation>
	<folder></folder>
	<filename>a6bae981a16ab9a6_jpg.rf.a34b79f5246ee7e36839a7a40e40beb0.jpg</filename>
	<path>a6bae981a16ab9a6_jpg.rf.a34b79f5246ee7e36839a7a40e40beb0.jpg</path>
	<source>
		<database>roboflow.ai</database>
	</source>
	<size>
		<width>416</width>
		<height>416</height>
		<depth>3</depth>
	</size>
	<segmented>0</segmented>
	<object>
		<name>Car</name>
		<pose>Unspecified</pose>
		<truncated>0</truncated>
		<difficult>0</difficult>
		<occluded>0</occluded>
		<bndbox>
			<xmin>40</xmin>
			<xmax>398</xmax>
			<ymin>118</ymin>
			<ymax>364</ymax>
		</bndbox>
	</object>
</annotation>
