<annotation>
	<folder></folder>
	<filename>a70bc382ce075409_jpg.rf.0c07d02bddc9bd661aca8ab072bb8408.jpg</filename>
	<path>a70bc382ce075409_jpg.rf.0c07d02bddc9bd661aca8ab072bb8408.jpg</path>
	<source>
		<database>roboflow.ai</database>
	</source>
	<size>
		<width>416</width>
		<height>416</height>
		<depth>3</depth>
	</size>
	<segmented>0</segmented>
	<object>
		<name>Truck</name>
		<pose>Unspecified</pose>
		<truncated>0</truncated>
		<difficult>0</difficult>
		<occluded>0</occluded>
		<bndbox>
			<xmin>49</xmin>
			<xmax>391</xmax>
			<ymin>96</ymin>
			<ymax>354</ymax>
		</bndbox>
	</object>
</annotation>
