<annotation>
	<folder></folder>
	<filename>a7a0f7d1903a8072_jpg.rf.1539b8ae91f8ee6ea64d95e4e1b40959.jpg</filename>
	<path>a7a0f7d1903a8072_jpg.rf.1539b8ae91f8ee6ea64d95e4e1b40959.jpg</path>
	<source>
		<database>roboflow.ai</database>
	</source>
	<size>
		<width>416</width>
		<height>416</height>
		<depth>3</depth>
	</size>
	<segmented>0</segmented>
	<object>
		<name>Truck</name>
		<pose>Unspecified</pose>
		<truncated>0</truncated>
		<difficult>0</difficult>
		<occluded>0</occluded>
		<bndbox>
			<xmin>25</xmin>
			<xmax>378</xmax>
			<ymin>145</ymin>
			<ymax>338</ymax>
		</bndbox>
	</object>
</annotation>
