<annotation>
	<folder></folder>
	<filename>a7d33981079f545f_jpg.rf.3f12f45d9a3212f9928d9ac040f003c1.jpg</filename>
	<path>a7d33981079f545f_jpg.rf.3f12f45d9a3212f9928d9ac040f003c1.jpg</path>
	<source>
		<database>roboflow.ai</database>
	</source>
	<size>
		<width>416</width>
		<height>416</height>
		<depth>3</depth>
	</size>
	<segmented>0</segmented>
	<object>
		<name>Bus</name>
		<pose>Unspecified</pose>
		<truncated>0</truncated>
		<difficult>0</difficult>
		<occluded>0</occluded>
		<bndbox>
			<xmin>113</xmin>
			<xmax>301</xmax>
			<ymin>153</ymin>
			<ymax>380</ymax>
		</bndbox>
	</object>
</annotation>
