<annotation>
	<folder></folder>
	<filename>a836b230394abec3_jpg.rf.2468fc0a90abe63a9b382948fbe3daae.jpg</filename>
	<path>a836b230394abec3_jpg.rf.2468fc0a90abe63a9b382948fbe3daae.jpg</path>
	<source>
		<database>roboflow.ai</database>
	</source>
	<size>
		<width>416</width>
		<height>416</height>
		<depth>3</depth>
	</size>
	<segmented>0</segmented>
	<object>
		<name>Motorcycle</name>
		<pose>Unspecified</pose>
		<truncated>0</truncated>
		<difficult>0</difficult>
		<occluded>0</occluded>
		<bndbox>
			<xmin>135</xmin>
			<xmax>386</xmax>
			<ymin>115</ymin>
			<ymax>376</ymax>
		</bndbox>
	</object>
</annotation>
