<annotation>
	<folder></folder>
	<filename>a86e99068ec8dade_jpg.rf.200a39c3c247f2cabe8e13284d4e17c8.jpg</filename>
	<path>a86e99068ec8dade_jpg.rf.200a39c3c247f2cabe8e13284d4e17c8.jpg</path>
	<source>
		<database>roboflow.ai</database>
	</source>
	<size>
		<width>416</width>
		<height>416</height>
		<depth>3</depth>
	</size>
	<segmented>0</segmented>
	<object>
		<name>Car</name>
		<pose>Unspecified</pose>
		<truncated>0</truncated>
		<difficult>0</difficult>
		<occluded>0</occluded>
		<bndbox>
			<xmin>3</xmin>
			<xmax>188</xmax>
			<ymin>185</ymin>
			<ymax>395</ymax>
		</bndbox>
	</object>
</annotation>
