<annotation>
	<folder></folder>
	<filename>a951528227f53582_jpg.rf.72ac3ecb65d7f69d8b7ee4c8261d7f8c.jpg</filename>
	<path>a951528227f53582_jpg.rf.72ac3ecb65d7f69d8b7ee4c8261d7f8c.jpg</path>
	<source>
		<database>roboflow.ai</database>
	</source>
	<size>
		<width>416</width>
		<height>416</height>
		<depth>3</depth>
	</size>
	<segmented>0</segmented>
	<object>
		<name>Ambulance</name>
		<pose>Unspecified</pose>
		<truncated>0</truncated>
		<difficult>0</difficult>
		<occluded>0</occluded>
		<bndbox>
			<xmin>26</xmin>
			<xmax>345</xmax>
			<ymin>60</ymin>
			<ymax>396</ymax>
		</bndbox>
	</object>
</annotation>
