<annotation>
	<folder></folder>
	<filename>a95dff91d3ce071a_jpg.rf.306a543fcd778e115eb4fe93d6166a64.jpg</filename>
	<path>a95dff91d3ce071a_jpg.rf.306a543fcd778e115eb4fe93d6166a64.jpg</path>
	<source>
		<database>roboflow.ai</database>
	</source>
	<size>
		<width>416</width>
		<height>416</height>
		<depth>3</depth>
	</size>
	<segmented>0</segmented>
	<object>
		<name>Motorcycle</name>
		<pose>Unspecified</pose>
		<truncated>0</truncated>
		<difficult>0</difficult>
		<occluded>0</occluded>
		<bndbox>
			<xmin>13</xmin>
			<xmax>416</xmax>
			<ymin>17</ymin>
			<ymax>415</ymax>
		</bndbox>
	</object>
</annotation>
