<annotation>
	<folder></folder>
	<filename>a9cbd4910c5d9086_jpg.rf.e9aef63e1931282d866cdd956d98c07b.jpg</filename>
	<path>a9cbd4910c5d9086_jpg.rf.e9aef63e1931282d866cdd956d98c07b.jpg</path>
	<source>
		<database>roboflow.ai</database>
	</source>
	<size>
		<width>416</width>
		<height>416</height>
		<depth>3</depth>
	</size>
	<segmented>0</segmented>
	<object>
		<name>Bus</name>
		<pose>Unspecified</pose>
		<truncated>0</truncated>
		<difficult>0</difficult>
		<occluded>0</occluded>
		<bndbox>
			<xmin>8</xmin>
			<xmax>409</xmax>
			<ymin>5</ymin>
			<ymax>410</ymax>
		</bndbox>
	</object>
	<object>
		<name>Bus</name>
		<pose>Unspecified</pose>
		<truncated>0</truncated>
		<difficult>0</difficult>
		<occluded>0</occluded>
		<bndbox>
			<xmin>319</xmin>
			<xmax>417</xmax>
			<ymin>123</ymin>
			<ymax>417</ymax>
		</bndbox>
	</object>
</annotation>
