<annotation>
	<folder></folder>
	<filename>aa159f88e636f64c_jpg.rf.edadc3a2495da75fd32c666df4c06531.jpg</filename>
	<path>aa159f88e636f64c_jpg.rf.edadc3a2495da75fd32c666df4c06531.jpg</path>
	<source>
		<database>roboflow.ai</database>
	</source>
	<size>
		<width>416</width>
		<height>416</height>
		<depth>3</depth>
	</size>
	<segmented>0</segmented>
	<object>
		<name>Motorcycle</name>
		<pose>Unspecified</pose>
		<truncated>0</truncated>
		<difficult>0</difficult>
		<occluded>0</occluded>
		<bndbox>
			<xmin>128</xmin>
			<xmax>215</xmax>
			<ymin>212</ymin>
			<ymax>323</ymax>
		</bndbox>
	</object>
</annotation>
