<annotation>
	<folder></folder>
	<filename>ac03aa25bc294ae9_jpg.rf.6c1eadc50b03d1ff4f32473fec97c54a.jpg</filename>
	<path>ac03aa25bc294ae9_jpg.rf.6c1eadc50b03d1ff4f32473fec97c54a.jpg</path>
	<source>
		<database>roboflow.ai</database>
	</source>
	<size>
		<width>416</width>
		<height>416</height>
		<depth>3</depth>
	</size>
	<segmented>0</segmented>
	<object>
		<name>Ambulance</name>
		<pose>Unspecified</pose>
		<truncated>0</truncated>
		<difficult>0</difficult>
		<occluded>0</occluded>
		<bndbox>
			<xmin>69</xmin>
			<xmax>308</xmax>
			<ymin>105</ymin>
			<ymax>333</ymax>
		</bndbox>
	</object>
</annotation>
