<annotation>
	<folder></folder>
	<filename>aeb050c3f8cd4cd0_jpg.rf.42a9575a5aaff04e9cc9e57686d1b506.jpg</filename>
	<path>aeb050c3f8cd4cd0_jpg.rf.42a9575a5aaff04e9cc9e57686d1b506.jpg</path>
	<source>
		<database>roboflow.ai</database>
	</source>
	<size>
		<width>416</width>
		<height>416</height>
		<depth>3</depth>
	</size>
	<segmented>0</segmented>
	<object>
		<name>Ambulance</name>
		<pose>Unspecified</pose>
		<truncated>0</truncated>
		<difficult>0</difficult>
		<occluded>0</occluded>
		<bndbox>
			<xmin>136</xmin>
			<xmax>395</xmax>
			<ymin>128</ymin>
			<ymax>368</ymax>
		</bndbox>
	</object>
</annotation>
