<annotation>
	<folder></folder>
	<filename>aecd7416f432a683_jpg.rf.3b7793b4a69f6fa34d67dbf4eb76c8d8.jpg</filename>
	<path>aecd7416f432a683_jpg.rf.3b7793b4a69f6fa34d67dbf4eb76c8d8.jpg</path>
	<source>
		<database>roboflow.ai</database>
	</source>
	<size>
		<width>416</width>
		<height>416</height>
		<depth>3</depth>
	</size>
	<segmented>0</segmented>
	<object>
		<name>Bus</name>
		<pose>Unspecified</pose>
		<truncated>0</truncated>
		<difficult>0</difficult>
		<occluded>0</occluded>
		<bndbox>
			<xmin>1</xmin>
			<xmax>122</xmax>
			<ymin>127</ymin>
			<ymax>242</ymax>
		</bndbox>
	</object>
	<object>
		<name>Bus</name>
		<pose>Unspecified</pose>
		<truncated>0</truncated>
		<difficult>0</difficult>
		<occluded>0</occluded>
		<bndbox>
			<xmin>8</xmin>
			<xmax>417</xmax>
			<ymin>1</ymin>
			<ymax>417</ymax>
		</bndbox>
	</object>
	<object>
		<name>Bus</name>
		<pose>Unspecified</pose>
		<truncated>0</truncated>
		<difficult>0</difficult>
		<occluded>0</occluded>
		<bndbox>
			<xmin>315</xmin>
			<xmax>417</xmax>
			<ymin>5</ymin>
			<ymax>253</ymax>
		</bndbox>
	</object>
</annotation>
