<annotation>
	<folder></folder>
	<filename>aef70378eeebbb14_jpg.rf.87ac5cda138f3a9acd59d094cc8d25b2.jpg</filename>
	<path>aef70378eeebbb14_jpg.rf.87ac5cda138f3a9acd59d094cc8d25b2.jpg</path>
	<source>
		<database>roboflow.ai</database>
	</source>
	<size>
		<width>416</width>
		<height>416</height>
		<depth>3</depth>
	</size>
	<segmented>0</segmented>
	<object>
		<name>Motorcycle</name>
		<pose>Unspecified</pose>
		<truncated>0</truncated>
		<difficult>0</difficult>
		<occluded>0</occluded>
		<bndbox>
			<xmin>33</xmin>
			<xmax>389</xmax>
			<ymin>18</ymin>
			<ymax>354</ymax>
		</bndbox>
	</object>
</annotation>
