<annotation>
	<folder></folder>
	<filename>b00a9478020cf814_jpg.rf.5cf880a90075a4f4f212bd78cac557cc.jpg</filename>
	<path>b00a9478020cf814_jpg.rf.5cf880a90075a4f4f212bd78cac557cc.jpg</path>
	<source>
		<database>roboflow.ai</database>
	</source>
	<size>
		<width>416</width>
		<height>416</height>
		<depth>3</depth>
	</size>
	<segmented>0</segmented>
	<object>
		<name>Bus</name>
		<pose>Unspecified</pose>
		<truncated>0</truncated>
		<difficult>0</difficult>
		<occluded>0</occluded>
		<bndbox>
			<xmin>31</xmin>
			<xmax>384</xmax>
			<ymin>46</ymin>
			<ymax>359</ymax>
		</bndbox>
	</object>
</annotation>
