<annotation>
	<folder></folder>
	<filename>b0c53f5874d27590_jpg.rf.0a5c1fb8e333db2cea5cf86a53c3f8b6.jpg</filename>
	<path>b0c53f5874d27590_jpg.rf.0a5c1fb8e333db2cea5cf86a53c3f8b6.jpg</path>
	<source>
		<database>roboflow.ai</database>
	</source>
	<size>
		<width>416</width>
		<height>416</height>
		<depth>3</depth>
	</size>
	<segmented>0</segmented>
	<object>
		<name>Car</name>
		<pose>Unspecified</pose>
		<truncated>0</truncated>
		<difficult>0</difficult>
		<occluded>0</occluded>
		<bndbox>
			<xmin>1</xmin>
			<xmax>43</xmax>
			<ymin>167</ymin>
			<ymax>231</ymax>
		</bndbox>
	</object>
</annotation>
