<annotation>
	<folder></folder>
	<filename>b1e5a16e9c943534_jpg.rf.cc15e371b0d861077267a053bce3b470.jpg</filename>
	<path>b1e5a16e9c943534_jpg.rf.cc15e371b0d861077267a053bce3b470.jpg</path>
	<source>
		<database>roboflow.ai</database>
	</source>
	<size>
		<width>416</width>
		<height>416</height>
		<depth>3</depth>
	</size>
	<segmented>0</segmented>
	<object>
		<name>Car</name>
		<pose>Unspecified</pose>
		<truncated>0</truncated>
		<difficult>0</difficult>
		<occluded>0</occluded>
		<bndbox>
			<xmin>24</xmin>
			<xmax>399</xmax>
			<ymin>47</ymin>
			<ymax>345</ymax>
		</bndbox>
	</object>
</annotation>
