<annotation>
	<folder></folder>
	<filename>b2137199558f5219_jpg.rf.5452bb4ef6690cfef58a63eb0177ce2a.jpg</filename>
	<path>b2137199558f5219_jpg.rf.5452bb4ef6690cfef58a63eb0177ce2a.jpg</path>
	<source>
		<database>roboflow.ai</database>
	</source>
	<size>
		<width>416</width>
		<height>416</height>
		<depth>3</depth>
	</size>
	<segmented>0</segmented>
	<object>
		<name>Car</name>
		<pose>Unspecified</pose>
		<truncated>0</truncated>
		<difficult>0</difficult>
		<occluded>0</occluded>
		<bndbox>
			<xmin>113</xmin>
			<xmax>179</xmax>
			<ymin>149</ymin>
			<ymax>219</ymax>
		</bndbox>
	</object>
	<object>
		<name>Car</name>
		<pose>Unspecified</pose>
		<truncated>0</truncated>
		<difficult>0</difficult>
		<occluded>0</occluded>
		<bndbox>
			<xmin>232</xmin>
			<xmax>331</xmax>
			<ymin>159</ymin>
			<ymax>238</ymax>
		</bndbox>
	</object>
	<object>
		<name>Car</name>
		<pose>Unspecified</pose>
		<truncated>0</truncated>
		<difficult>0</difficult>
		<occluded>0</occluded>
		<bndbox>
			<xmin>321</xmin>
			<xmax>383</xmax>
			<ymin>163</ymin>
			<ymax>213</ymax>
		</bndbox>
	</object>
</annotation>
