<annotation>
	<folder></folder>
	<filename>b2b2e93f1a010cc6_jpg.rf.693d21eaeea4c39ddcb7e5c105a2d9dc.jpg</filename>
	<path>b2b2e93f1a010cc6_jpg.rf.693d21eaeea4c39ddcb7e5c105a2d9dc.jpg</path>
	<source>
		<database>roboflow.ai</database>
	</source>
	<size>
		<width>416</width>
		<height>416</height>
		<depth>3</depth>
	</size>
	<segmented>0</segmented>
	<object>
		<name>Car</name>
		<pose>Unspecified</pose>
		<truncated>0</truncated>
		<difficult>0</difficult>
		<occluded>0</occluded>
		<bndbox>
			<xmin>1</xmin>
			<xmax>57</xmax>
			<ymin>293</ymin>
			<ymax>388</ymax>
		</bndbox>
	</object>
	<object>
		<name>Car</name>
		<pose>Unspecified</pose>
		<truncated>0</truncated>
		<difficult>0</difficult>
		<occluded>0</occluded>
		<bndbox>
			<xmin>30</xmin>
			<xmax>93</xmax>
			<ymin>267</ymin>
			<ymax>279</ymax>
		</bndbox>
	</object>
</annotation>
