<annotation>
	<folder></folder>
	<filename>b31f29967475ce05_jpg.rf.d1eabef177d47977cdf9620441594481.jpg</filename>
	<path>b31f29967475ce05_jpg.rf.d1eabef177d47977cdf9620441594481.jpg</path>
	<source>
		<database>roboflow.ai</database>
	</source>
	<size>
		<width>416</width>
		<height>416</height>
		<depth>3</depth>
	</size>
	<segmented>0</segmented>
	<object>
		<name>Motorcycle</name>
		<pose>Unspecified</pose>
		<truncated>0</truncated>
		<difficult>0</difficult>
		<occluded>0</occluded>
		<bndbox>
			<xmin>1</xmin>
			<xmax>78</xmax>
			<ymin>90</ymin>
			<ymax>292</ymax>
		</bndbox>
	</object>
	<object>
		<name>Motorcycle</name>
		<pose>Unspecified</pose>
		<truncated>0</truncated>
		<difficult>0</difficult>
		<occluded>0</occluded>
		<bndbox>
			<xmin>1</xmin>
			<xmax>372</xmax>
			<ymin>51</ymin>
			<ymax>417</ymax>
		</bndbox>
	</object>
</annotation>
