<annotation>
	<folder></folder>
	<filename>b55c2626eb8387c4_jpg.rf.662342886cfd1084541b97e51be67b60.jpg</filename>
	<path>b55c2626eb8387c4_jpg.rf.662342886cfd1084541b97e51be67b60.jpg</path>
	<source>
		<database>roboflow.ai</database>
	</source>
	<size>
		<width>416</width>
		<height>416</height>
		<depth>3</depth>
	</size>
	<segmented>0</segmented>
	<object>
		<name>Car</name>
		<pose>Unspecified</pose>
		<truncated>0</truncated>
		<difficult>0</difficult>
		<occluded>0</occluded>
		<bndbox>
			<xmin>3</xmin>
			<xmax>49</xmax>
			<ymin>313</ymin>
			<ymax>407</ymax>
		</bndbox>
	</object>
</annotation>
