<annotation>
	<folder></folder>
	<filename>b5cd0b99c2f9bf15_jpg.rf.47b357915a3792bca9c70d462b7f0906.jpg</filename>
	<path>b5cd0b99c2f9bf15_jpg.rf.47b357915a3792bca9c70d462b7f0906.jpg</path>
	<source>
		<database>roboflow.ai</database>
	</source>
	<size>
		<width>416</width>
		<height>416</height>
		<depth>3</depth>
	</size>
	<segmented>0</segmented>
	<object>
		<name>Bus</name>
		<pose>Unspecified</pose>
		<truncated>0</truncated>
		<difficult>0</difficult>
		<occluded>0</occluded>
		<bndbox>
			<xmin>13</xmin>
			<xmax>88</xmax>
			<ymin>101</ymin>
			<ymax>170</ymax>
		</bndbox>
	</object>
	<object>
		<name>Bus</name>
		<pose>Unspecified</pose>
		<truncated>0</truncated>
		<difficult>0</difficult>
		<occluded>0</occluded>
		<bndbox>
			<xmin>74</xmin>
			<xmax>339</xmax>
			<ymin>14</ymin>
			<ymax>304</ymax>
		</bndbox>
	</object>
</annotation>
