<annotation>
	<folder></folder>
	<filename>b5e9086cb2179adc_jpg.rf.6300d2fe73d3a72400feabed2c8a111d.jpg</filename>
	<path>b5e9086cb2179adc_jpg.rf.6300d2fe73d3a72400feabed2c8a111d.jpg</path>
	<source>
		<database>roboflow.ai</database>
	</source>
	<size>
		<width>416</width>
		<height>416</height>
		<depth>3</depth>
	</size>
	<segmented>0</segmented>
	<object>
		<name>Truck</name>
		<pose>Unspecified</pose>
		<truncated>0</truncated>
		<difficult>0</difficult>
		<occluded>0</occluded>
		<bndbox>
			<xmin>2</xmin>
			<xmax>392</xmax>
			<ymin>90</ymin>
			<ymax>376</ymax>
		</bndbox>
	</object>
</annotation>
