<annotation>
	<folder></folder>
	<filename>b61201eee8903342_jpg.rf.ae4654b312991e0fd7d24d390a839522.jpg</filename>
	<path>b61201eee8903342_jpg.rf.ae4654b312991e0fd7d24d390a839522.jpg</path>
	<source>
		<database>roboflow.ai</database>
	</source>
	<size>
		<width>416</width>
		<height>416</height>
		<depth>3</depth>
	</size>
	<segmented>0</segmented>
	<object>
		<name>Bus</name>
		<pose>Unspecified</pose>
		<truncated>0</truncated>
		<difficult>0</difficult>
		<occluded>0</occluded>
		<bndbox>
			<xmin>217</xmin>
			<xmax>408</xmax>
			<ymin>45</ymin>
			<ymax>379</ymax>
		</bndbox>
	</object>
	<object>
		<name>Bus</name>
		<pose>Unspecified</pose>
		<truncated>0</truncated>
		<difficult>0</difficult>
		<occluded>0</occluded>
		<bndbox>
			<xmin>45</xmin>
			<xmax>236</xmax>
			<ymin>49</ymin>
			<ymax>357</ymax>
		</bndbox>
	</object>
</annotation>
