<annotation>
	<folder></folder>
	<filename>b63484b53dfcb428_jpg.rf.74aacbbdd1bce084709fa8e49f386876.jpg</filename>
	<path>b63484b53dfcb428_jpg.rf.74aacbbdd1bce084709fa8e49f386876.jpg</path>
	<source>
		<database>roboflow.ai</database>
	</source>
	<size>
		<width>416</width>
		<height>416</height>
		<depth>3</depth>
	</size>
	<segmented>0</segmented>
	<object>
		<name>Motorcycle</name>
		<pose>Unspecified</pose>
		<truncated>0</truncated>
		<difficult>0</difficult>
		<occluded>0</occluded>
		<bndbox>
			<xmin>210</xmin>
			<xmax>369</xmax>
			<ymin>29</ymin>
			<ymax>316</ymax>
		</bndbox>
	</object>
</annotation>
