<annotation>
	<folder></folder>
	<filename>b6bab9d58f2b26b8_jpg.rf.ad31350deca26198aef4c2376ca84049.jpg</filename>
	<path>b6bab9d58f2b26b8_jpg.rf.ad31350deca26198aef4c2376ca84049.jpg</path>
	<source>
		<database>roboflow.ai</database>
	</source>
	<size>
		<width>416</width>
		<height>416</height>
		<depth>3</depth>
	</size>
	<segmented>0</segmented>
	<object>
		<name>Bus</name>
		<pose>Unspecified</pose>
		<truncated>0</truncated>
		<difficult>0</difficult>
		<occluded>0</occluded>
		<bndbox>
			<xmin>82</xmin>
			<xmax>206</xmax>
			<ymin>109</ymin>
			<ymax>269</ymax>
		</bndbox>
	</object>
</annotation>
