<annotation>
	<folder></folder>
	<filename>b76ccf04540bc757_jpg.rf.fbfe40d6e575d754e7523ee7f0ff7646.jpg</filename>
	<path>b76ccf04540bc757_jpg.rf.fbfe40d6e575d754e7523ee7f0ff7646.jpg</path>
	<source>
		<database>roboflow.ai</database>
	</source>
	<size>
		<width>416</width>
		<height>416</height>
		<depth>3</depth>
	</size>
	<segmented>0</segmented>
	<object>
		<name>Motorcycle</name>
		<pose>Unspecified</pose>
		<truncated>0</truncated>
		<difficult>0</difficult>
		<occluded>0</occluded>
		<bndbox>
			<xmin>145</xmin>
			<xmax>400</xmax>
			<ymin>48</ymin>
			<ymax>417</ymax>
		</bndbox>
	</object>
</annotation>
