<annotation>
	<folder></folder>
	<filename>b792b9170353420e_jpg.rf.3df117c17d19cfb906f91d863fff2f6a.jpg</filename>
	<path>b792b9170353420e_jpg.rf.3df117c17d19cfb906f91d863fff2f6a.jpg</path>
	<source>
		<database>roboflow.ai</database>
	</source>
	<size>
		<width>416</width>
		<height>416</height>
		<depth>3</depth>
	</size>
	<segmented>0</segmented>
	<object>
		<name>Car</name>
		<pose>Unspecified</pose>
		<truncated>0</truncated>
		<difficult>0</difficult>
		<occluded>0</occluded>
		<bndbox>
			<xmin>165</xmin>
			<xmax>180</xmax>
			<ymin>176</ymin>
			<ymax>189</ymax>
		</bndbox>
	</object>
	<object>
		<name>Car</name>
		<pose>Unspecified</pose>
		<truncated>0</truncated>
		<difficult>0</difficult>
		<occluded>0</occluded>
		<bndbox>
			<xmin>195</xmin>
			<xmax>362</xmax>
			<ymin>160</ymin>
			<ymax>341</ymax>
		</bndbox>
	</object>
</annotation>
