<annotation>
	<folder></folder>
	<filename>b7ca8f95ad08cdda_jpg.rf.b31ee6f73a47942cbd6ae958df407061.jpg</filename>
	<path>b7ca8f95ad08cdda_jpg.rf.b31ee6f73a47942cbd6ae958df407061.jpg</path>
	<source>
		<database>roboflow.ai</database>
	</source>
	<size>
		<width>416</width>
		<height>416</height>
		<depth>3</depth>
	</size>
	<segmented>0</segmented>
	<object>
		<name>Car</name>
		<pose>Unspecified</pose>
		<truncated>0</truncated>
		<difficult>0</difficult>
		<occluded>0</occluded>
		<bndbox>
			<xmin>89</xmin>
			<xmax>353</xmax>
			<ymin>134</ymin>
			<ymax>392</ymax>
		</bndbox>
	</object>
</annotation>
