<annotation>
	<folder></folder>
	<filename>b856e2f0ec2e5fcc_jpg.rf.c414b375db2bad1afde1d6b475271862.jpg</filename>
	<path>b856e2f0ec2e5fcc_jpg.rf.c414b375db2bad1afde1d6b475271862.jpg</path>
	<source>
		<database>roboflow.ai</database>
	</source>
	<size>
		<width>416</width>
		<height>416</height>
		<depth>3</depth>
	</size>
	<segmented>0</segmented>
	<object>
		<name>Bus</name>
		<pose>Unspecified</pose>
		<truncated>0</truncated>
		<difficult>0</difficult>
		<occluded>0</occluded>
		<bndbox>
			<xmin>76</xmin>
			<xmax>319</xmax>
			<ymin>106</ymin>
			<ymax>361</ymax>
		</bndbox>
	</object>
	<object>
		<name>Bus</name>
		<pose>Unspecified</pose>
		<truncated>0</truncated>
		<difficult>0</difficult>
		<occluded>0</occluded>
		<bndbox>
			<xmin>320</xmin>
			<xmax>416</xmax>
			<ymin>5</ymin>
			<ymax>305</ymax>
		</bndbox>
	</object>
</annotation>
