<annotation>
	<folder></folder>
	<filename>b8a245cb4571e8fb_jpg.rf.c5b4f8dacda5aa416736efda3cc28fdd.jpg</filename>
	<path>b8a245cb4571e8fb_jpg.rf.c5b4f8dacda5aa416736efda3cc28fdd.jpg</path>
	<source>
		<database>roboflow.ai</database>
	</source>
	<size>
		<width>416</width>
		<height>416</height>
		<depth>3</depth>
	</size>
	<segmented>0</segmented>
	<object>
		<name>Motorcycle</name>
		<pose>Unspecified</pose>
		<truncated>0</truncated>
		<difficult>0</difficult>
		<occluded>0</occluded>
		<bndbox>
			<xmin>41</xmin>
			<xmax>189</xmax>
			<ymin>122</ymin>
			<ymax>409</ymax>
		</bndbox>
	</object>
	<object>
		<name>Motorcycle</name>
		<pose>Unspecified</pose>
		<truncated>0</truncated>
		<difficult>0</difficult>
		<occluded>0</occluded>
		<bndbox>
			<xmin>170</xmin>
			<xmax>323</xmax>
			<ymin>22</ymin>
			<ymax>408</ymax>
		</bndbox>
	</object>
</annotation>
