<annotation>
	<folder></folder>
	<filename>b8e3cfcdf196bc11_jpg.rf.da6417ec310b3640a40a2a1eec392e4a.jpg</filename>
	<path>b8e3cfcdf196bc11_jpg.rf.da6417ec310b3640a40a2a1eec392e4a.jpg</path>
	<source>
		<database>roboflow.ai</database>
	</source>
	<size>
		<width>416</width>
		<height>416</height>
		<depth>3</depth>
	</size>
	<segmented>0</segmented>
	<object>
		<name>Truck</name>
		<pose>Unspecified</pose>
		<truncated>0</truncated>
		<difficult>0</difficult>
		<occluded>0</occluded>
		<bndbox>
			<xmin>1</xmin>
			<xmax>417</xmax>
			<ymin>1</ymin>
			<ymax>417</ymax>
		</bndbox>
	</object>
</annotation>
