<annotation>
	<folder></folder>
	<filename>b9e1dcfd07291353_jpg.rf.3e1fd6d1447bf3aac53415616bf8553c.jpg</filename>
	<path>b9e1dcfd07291353_jpg.rf.3e1fd6d1447bf3aac53415616bf8553c.jpg</path>
	<source>
		<database>roboflow.ai</database>
	</source>
	<size>
		<width>416</width>
		<height>416</height>
		<depth>3</depth>
	</size>
	<segmented>0</segmented>
	<object>
		<name>Motorcycle</name>
		<pose>Unspecified</pose>
		<truncated>0</truncated>
		<difficult>0</difficult>
		<occluded>0</occluded>
		<bndbox>
			<xmin>190</xmin>
			<xmax>283</xmax>
			<ymin>214</ymin>
			<ymax>315</ymax>
		</bndbox>
	</object>
</annotation>
