<annotation>
	<folder></folder>
	<filename>ba0341a067357bd0_jpg.rf.333bccad2babcef7cbac9e8e47d4e3c4.jpg</filename>
	<path>ba0341a067357bd0_jpg.rf.333bccad2babcef7cbac9e8e47d4e3c4.jpg</path>
	<source>
		<database>roboflow.ai</database>
	</source>
	<size>
		<width>416</width>
		<height>416</height>
		<depth>3</depth>
	</size>
	<segmented>0</segmented>
	<object>
		<name>Motorcycle</name>
		<pose>Unspecified</pose>
		<truncated>0</truncated>
		<difficult>0</difficult>
		<occluded>0</occluded>
		<bndbox>
			<xmin>186</xmin>
			<xmax>248</xmax>
			<ymin>174</ymin>
			<ymax>342</ymax>
		</bndbox>
	</object>
</annotation>
