<annotation>
	<folder></folder>
	<filename>bacb74ab77c5eccf_jpg.rf.f5ea3b4936358a14740d576bd511b288.jpg</filename>
	<path>bacb74ab77c5eccf_jpg.rf.f5ea3b4936358a14740d576bd511b288.jpg</path>
	<source>
		<database>roboflow.ai</database>
	</source>
	<size>
		<width>416</width>
		<height>416</height>
		<depth>3</depth>
	</size>
	<segmented>0</segmented>
	<object>
		<name>Car</name>
		<pose>Unspecified</pose>
		<truncated>0</truncated>
		<difficult>0</difficult>
		<occluded>0</occluded>
		<bndbox>
			<xmin>49</xmin>
			<xmax>182</xmax>
			<ymin>181</ymin>
			<ymax>303</ymax>
		</bndbox>
	</object>
	<object>
		<name>Car</name>
		<pose>Unspecified</pose>
		<truncated>0</truncated>
		<difficult>0</difficult>
		<occluded>0</occluded>
		<bndbox>
			<xmin>1</xmin>
			<xmax>34</xmax>
			<ymin>183</ymin>
			<ymax>241</ymax>
		</bndbox>
	</object>
</annotation>
