<annotation>
	<folder></folder>
	<filename>bad3fff8e9589902_jpg.rf.06650866c4b4027651fac7a7c823b8ef.jpg</filename>
	<path>bad3fff8e9589902_jpg.rf.06650866c4b4027651fac7a7c823b8ef.jpg</path>
	<source>
		<database>roboflow.ai</database>
	</source>
	<size>
		<width>416</width>
		<height>416</height>
		<depth>3</depth>
	</size>
	<segmented>0</segmented>
	<object>
		<name>Car</name>
		<pose>Unspecified</pose>
		<truncated>0</truncated>
		<difficult>0</difficult>
		<occluded>0</occluded>
		<bndbox>
			<xmin>1</xmin>
			<xmax>153</xmax>
			<ymin>224</ymin>
			<ymax>304</ymax>
		</bndbox>
	</object>
</annotation>
