<annotation>
	<folder></folder>
	<filename>bb77a64dbce401ed_jpg.rf.96630fea2f2b0129d7a2913e313347fc.jpg</filename>
	<path>bb77a64dbce401ed_jpg.rf.96630fea2f2b0129d7a2913e313347fc.jpg</path>
	<source>
		<database>roboflow.ai</database>
	</source>
	<size>
		<width>416</width>
		<height>416</height>
		<depth>3</depth>
	</size>
	<segmented>0</segmented>
	<object>
		<name>Car</name>
		<pose>Unspecified</pose>
		<truncated>0</truncated>
		<difficult>0</difficult>
		<occluded>0</occluded>
		<bndbox>
			<xmin>26</xmin>
			<xmax>382</xmax>
			<ymin>112</ymin>
			<ymax>360</ymax>
		</bndbox>
	</object>
	<object>
		<name>Car</name>
		<pose>Unspecified</pose>
		<truncated>0</truncated>
		<difficult>0</difficult>
		<occluded>0</occluded>
		<bndbox>
			<xmin>374</xmin>
			<xmax>416</xmax>
			<ymin>99</ymin>
			<ymax>201</ymax>
		</bndbox>
	</object>
</annotation>
