<annotation>
	<folder></folder>
	<filename>bdc6ddcd3b5129bb_jpg.rf.489a842c0c5d160292858f05597e0384.jpg</filename>
	<path>bdc6ddcd3b5129bb_jpg.rf.489a842c0c5d160292858f05597e0384.jpg</path>
	<source>
		<database>roboflow.ai</database>
	</source>
	<size>
		<width>416</width>
		<height>416</height>
		<depth>3</depth>
	</size>
	<segmented>0</segmented>
	<object>
		<name>Bus</name>
		<pose>Unspecified</pose>
		<truncated>0</truncated>
		<difficult>0</difficult>
		<occluded>0</occluded>
		<bndbox>
			<xmin>42</xmin>
			<xmax>156</xmax>
			<ymin>164</ymin>
			<ymax>304</ymax>
		</bndbox>
	</object>
	<object>
		<name>Bus</name>
		<pose>Unspecified</pose>
		<truncated>0</truncated>
		<difficult>0</difficult>
		<occluded>0</occluded>
		<bndbox>
			<xmin>144</xmin>
			<xmax>417</xmax>
			<ymin>137</ymin>
			<ymax>351</ymax>
		</bndbox>
	</object>
</annotation>
