<annotation>
	<folder></folder>
	<filename>be613907a0a28d0a_jpg.rf.d5a02dce034c2392a9cf5da21988f0bf.jpg</filename>
	<path>be613907a0a28d0a_jpg.rf.d5a02dce034c2392a9cf5da21988f0bf.jpg</path>
	<source>
		<database>roboflow.ai</database>
	</source>
	<size>
		<width>416</width>
		<height>416</height>
		<depth>3</depth>
	</size>
	<segmented>0</segmented>
	<object>
		<name>Ambulance</name>
		<pose>Unspecified</pose>
		<truncated>0</truncated>
		<difficult>0</difficult>
		<occluded>0</occluded>
		<bndbox>
			<xmin>38</xmin>
			<xmax>370</xmax>
			<ymin>1</ymin>
			<ymax>347</ymax>
		</bndbox>
	</object>
</annotation>
