<annotation>
	<folder></folder>
	<filename>beb71a1a1d74af2e_jpg.rf.72942efa466a200061db3a1d83628409.jpg</filename>
	<path>beb71a1a1d74af2e_jpg.rf.72942efa466a200061db3a1d83628409.jpg</path>
	<source>
		<database>roboflow.ai</database>
	</source>
	<size>
		<width>416</width>
		<height>416</height>
		<depth>3</depth>
	</size>
	<segmented>0</segmented>
	<object>
		<name>Car</name>
		<pose>Unspecified</pose>
		<truncated>0</truncated>
		<difficult>0</difficult>
		<occluded>0</occluded>
		<bndbox>
			<xmin>38</xmin>
			<xmax>348</xmax>
			<ymin>173</ymin>
			<ymax>369</ymax>
		</bndbox>
	</object>
</annotation>
