<annotation>
	<folder></folder>
	<filename>bf0fd1bb683dab7c_jpg.rf.443af272c6826dd9f6514d1e2a60dbf6.jpg</filename>
	<path>bf0fd1bb683dab7c_jpg.rf.443af272c6826dd9f6514d1e2a60dbf6.jpg</path>
	<source>
		<database>roboflow.ai</database>
	</source>
	<size>
		<width>416</width>
		<height>416</height>
		<depth>3</depth>
	</size>
	<segmented>0</segmented>
	<object>
		<name>Truck</name>
		<pose>Unspecified</pose>
		<truncated>0</truncated>
		<difficult>0</difficult>
		<occluded>0</occluded>
		<bndbox>
			<xmin>53</xmin>
			<xmax>371</xmax>
			<ymin>74</ymin>
			<ymax>399</ymax>
		</bndbox>
	</object>
	<object>
		<name>Truck</name>
		<pose>Unspecified</pose>
		<truncated>0</truncated>
		<difficult>0</difficult>
		<occluded>0</occluded>
		<bndbox>
			<xmin>1</xmin>
			<xmax>19</xmax>
			<ymin>183</ymin>
			<ymax>268</ymax>
		</bndbox>
	</object>
	<object>
		<name>Truck</name>
		<pose>Unspecified</pose>
		<truncated>0</truncated>
		<difficult>0</difficult>
		<occluded>0</occluded>
		<bndbox>
			<xmin>1</xmin>
			<xmax>108</xmax>
			<ymin>165</ymin>
			<ymax>281</ymax>
		</bndbox>
	</object>
	<object>
		<name>Truck</name>
		<pose>Unspecified</pose>
		<truncated>0</truncated>
		<difficult>0</difficult>
		<occluded>0</occluded>
		<bndbox>
			<xmin>287</xmin>
			<xmax>403</xmax>
			<ymin>139</ymin>
			<ymax>297</ymax>
		</bndbox>
	</object>
</annotation>
