<annotation>
	<folder></folder>
	<filename>bf9e0fd614ba028d_jpg.rf.6755e73376acdee3ead2875d4f1850d5.jpg</filename>
	<path>bf9e0fd614ba028d_jpg.rf.6755e73376acdee3ead2875d4f1850d5.jpg</path>
	<source>
		<database>roboflow.ai</database>
	</source>
	<size>
		<width>416</width>
		<height>416</height>
		<depth>3</depth>
	</size>
	<segmented>0</segmented>
	<object>
		<name>Car</name>
		<pose>Unspecified</pose>
		<truncated>0</truncated>
		<difficult>0</difficult>
		<occluded>0</occluded>
		<bndbox>
			<xmin>81</xmin>
			<xmax>185</xmax>
			<ymin>198</ymin>
			<ymax>254</ymax>
		</bndbox>
	</object>
	<object>
		<name>Car</name>
		<pose>Unspecified</pose>
		<truncated>0</truncated>
		<difficult>0</difficult>
		<occluded>0</occluded>
		<bndbox>
			<xmin>226</xmin>
			<xmax>333</xmax>
			<ymin>104</ymin>
			<ymax>141</ymax>
		</bndbox>
	</object>
	<object>
		<name>Car</name>
		<pose>Unspecified</pose>
		<truncated>0</truncated>
		<difficult>0</difficult>
		<occluded>0</occluded>
		<bndbox>
			<xmin>231</xmin>
			<xmax>346</xmax>
			<ymin>300</ymin>
			<ymax>364</ymax>
		</bndbox>
	</object>
</annotation>
