<annotation>
	<folder></folder>
	<filename>bfa31c9efb82129a_jpg.rf.9333b40c61b6ea3c7c528f2813d0e67e.jpg</filename>
	<path>bfa31c9efb82129a_jpg.rf.9333b40c61b6ea3c7c528f2813d0e67e.jpg</path>
	<source>
		<database>roboflow.ai</database>
	</source>
	<size>
		<width>416</width>
		<height>416</height>
		<depth>3</depth>
	</size>
	<segmented>0</segmented>
	<object>
		<name>Motorcycle</name>
		<pose>Unspecified</pose>
		<truncated>0</truncated>
		<difficult>0</difficult>
		<occluded>0</occluded>
		<bndbox>
			<xmin>351</xmin>
			<xmax>417</xmax>
			<ymin>151</ymin>
			<ymax>324</ymax>
		</bndbox>
	</object>
	<object>
		<name>Motorcycle</name>
		<pose>Unspecified</pose>
		<truncated>0</truncated>
		<difficult>0</difficult>
		<occluded>0</occluded>
		<bndbox>
			<xmin>1</xmin>
			<xmax>93</xmax>
			<ymin>159</ymin>
			<ymax>354</ymax>
		</bndbox>
	</object>
	<object>
		<name>Motorcycle</name>
		<pose>Unspecified</pose>
		<truncated>0</truncated>
		<difficult>0</difficult>
		<occluded>0</occluded>
		<bndbox>
			<xmin>227</xmin>
			<xmax>340</xmax>
			<ymin>170</ymin>
			<ymax>417</ymax>
		</bndbox>
	</object>
	<object>
		<name>Motorcycle</name>
		<pose>Unspecified</pose>
		<truncated>0</truncated>
		<difficult>0</difficult>
		<occluded>0</occluded>
		<bndbox>
			<xmin>302</xmin>
			<xmax>358</xmax>
			<ymin>208</ymin>
			<ymax>317</ymax>
		</bndbox>
	</object>
</annotation>
