<annotation>
	<folder></folder>
	<filename>c0e2ca0a63cc7aac_jpg.rf.4ea50472d57ad8d9528d79667ee31c17.jpg</filename>
	<path>c0e2ca0a63cc7aac_jpg.rf.4ea50472d57ad8d9528d79667ee31c17.jpg</path>
	<source>
		<database>roboflow.ai</database>
	</source>
	<size>
		<width>416</width>
		<height>416</height>
		<depth>3</depth>
	</size>
	<segmented>0</segmented>
	<object>
		<name>Bus</name>
		<pose>Unspecified</pose>
		<truncated>0</truncated>
		<difficult>0</difficult>
		<occluded>0</occluded>
		<bndbox>
			<xmin>150</xmin>
			<xmax>308</xmax>
			<ymin>209</ymin>
			<ymax>318</ymax>
		</bndbox>
	</object>
</annotation>
