<annotation>
	<folder></folder>
	<filename>c27036c5b7baaa04_jpg.rf.b3a1c7947933b9f270feb39aff09e263.jpg</filename>
	<path>c27036c5b7baaa04_jpg.rf.b3a1c7947933b9f270feb39aff09e263.jpg</path>
	<source>
		<database>roboflow.ai</database>
	</source>
	<size>
		<width>416</width>
		<height>416</height>
		<depth>3</depth>
	</size>
	<segmented>0</segmented>
	<object>
		<name>Bus</name>
		<pose>Unspecified</pose>
		<truncated>0</truncated>
		<difficult>0</difficult>
		<occluded>0</occluded>
		<bndbox>
			<xmin>1</xmin>
			<xmax>239</xmax>
			<ymin>42</ymin>
			<ymax>359</ymax>
		</bndbox>
	</object>
	<object>
		<name>Bus</name>
		<pose>Unspecified</pose>
		<truncated>0</truncated>
		<difficult>0</difficult>
		<occluded>0</occluded>
		<bndbox>
			<xmin>82</xmin>
			<xmax>417</xmax>
			<ymin>17</ymin>
			<ymax>412</ymax>
		</bndbox>
	</object>
</annotation>
