<annotation>
	<folder></folder>
	<filename>c350281af5ea9607_jpg.rf.82bd101e23b6b62ee9bc92e94a5732c7.jpg</filename>
	<path>c350281af5ea9607_jpg.rf.82bd101e23b6b62ee9bc92e94a5732c7.jpg</path>
	<source>
		<database>roboflow.ai</database>
	</source>
	<size>
		<width>416</width>
		<height>416</height>
		<depth>3</depth>
	</size>
	<segmented>0</segmented>
	<object>
		<name>Bus</name>
		<pose>Unspecified</pose>
		<truncated>0</truncated>
		<difficult>0</difficult>
		<occluded>0</occluded>
		<bndbox>
			<xmin>1</xmin>
			<xmax>335</xmax>
			<ymin>1</ymin>
			<ymax>416</ymax>
		</bndbox>
	</object>
</annotation>
