<annotation>
	<folder></folder>
	<filename>c3a9caff83640956_jpg.rf.487d68c83485d7a81b1bac8226048c10.jpg</filename>
	<path>c3a9caff83640956_jpg.rf.487d68c83485d7a81b1bac8226048c10.jpg</path>
	<source>
		<database>roboflow.ai</database>
	</source>
	<size>
		<width>416</width>
		<height>416</height>
		<depth>3</depth>
	</size>
	<segmented>0</segmented>
	<object>
		<name>Car</name>
		<pose>Unspecified</pose>
		<truncated>0</truncated>
		<difficult>0</difficult>
		<occluded>0</occluded>
		<bndbox>
			<xmin>1</xmin>
			<xmax>154</xmax>
			<ymin>236</ymin>
			<ymax>416</ymax>
		</bndbox>
	</object>
	<object>
		<name>Car</name>
		<pose>Unspecified</pose>
		<truncated>0</truncated>
		<difficult>0</difficult>
		<occluded>0</occluded>
		<bndbox>
			<xmin>373</xmin>
			<xmax>417</xmax>
			<ymin>248</ymin>
			<ymax>306</ymax>
		</bndbox>
	</object>
</annotation>
