<annotation>
	<folder></folder>
	<filename>c4eeaa22024b4359_jpg.rf.215783351170aafc162209ad92524f72.jpg</filename>
	<path>c4eeaa22024b4359_jpg.rf.215783351170aafc162209ad92524f72.jpg</path>
	<source>
		<database>roboflow.ai</database>
	</source>
	<size>
		<width>416</width>
		<height>416</height>
		<depth>3</depth>
	</size>
	<segmented>0</segmented>
	<object>
		<name>Bus</name>
		<pose>Unspecified</pose>
		<truncated>0</truncated>
		<difficult>0</difficult>
		<occluded>0</occluded>
		<bndbox>
			<xmin>32</xmin>
			<xmax>247</xmax>
			<ymin>86</ymin>
			<ymax>304</ymax>
		</bndbox>
	</object>
</annotation>
