<annotation>
	<folder></folder>
	<filename>c52500a14f92ff65_jpg.rf.6054d2b98dad82bb7382936f63ddd786.jpg</filename>
	<path>c52500a14f92ff65_jpg.rf.6054d2b98dad82bb7382936f63ddd786.jpg</path>
	<source>
		<database>roboflow.ai</database>
	</source>
	<size>
		<width>416</width>
		<height>416</height>
		<depth>3</depth>
	</size>
	<segmented>0</segmented>
	<object>
		<name>Truck</name>
		<pose>Unspecified</pose>
		<truncated>0</truncated>
		<difficult>0</difficult>
		<occluded>0</occluded>
		<bndbox>
			<xmin>62</xmin>
			<xmax>262</xmax>
			<ymin>186</ymin>
			<ymax>293</ymax>
		</bndbox>
	</object>
</annotation>
