<annotation>
	<folder></folder>
	<filename>c645a919dfb54b94_jpg.rf.886b887cf882d5780bd405a7bdbc1a75.jpg</filename>
	<path>c645a919dfb54b94_jpg.rf.886b887cf882d5780bd405a7bdbc1a75.jpg</path>
	<source>
		<database>roboflow.ai</database>
	</source>
	<size>
		<width>416</width>
		<height>416</height>
		<depth>3</depth>
	</size>
	<segmented>0</segmented>
	<object>
		<name>Car</name>
		<pose>Unspecified</pose>
		<truncated>0</truncated>
		<difficult>0</difficult>
		<occluded>0</occluded>
		<bndbox>
			<xmin>69</xmin>
			<xmax>317</xmax>
			<ymin>91</ymin>
			<ymax>336</ymax>
		</bndbox>
	</object>
</annotation>
