<annotation>
	<folder></folder>
	<filename>c7628592a03f9ff4_jpg.rf.bc0b46e3308869847768d4a805881f06.jpg</filename>
	<path>c7628592a03f9ff4_jpg.rf.bc0b46e3308869847768d4a805881f06.jpg</path>
	<source>
		<database>roboflow.ai</database>
	</source>
	<size>
		<width>416</width>
		<height>416</height>
		<depth>3</depth>
	</size>
	<segmented>0</segmented>
	<object>
		<name>Motorcycle</name>
		<pose>Unspecified</pose>
		<truncated>0</truncated>
		<difficult>0</difficult>
		<occluded>0</occluded>
		<bndbox>
			<xmin>41</xmin>
			<xmax>382</xmax>
			<ymin>57</ymin>
			<ymax>345</ymax>
		</bndbox>
	</object>
</annotation>
