<annotation>
	<folder></folder>
	<filename>c77be5bb5fb7e75c_jpg.rf.0f4f0992f79d06dab2c2a42757ccfb04.jpg</filename>
	<path>c77be5bb5fb7e75c_jpg.rf.0f4f0992f79d06dab2c2a42757ccfb04.jpg</path>
	<source>
		<database>roboflow.ai</database>
	</source>
	<size>
		<width>416</width>
		<height>416</height>
		<depth>3</depth>
	</size>
	<segmented>0</segmented>
	<object>
		<name>Bus</name>
		<pose>Unspecified</pose>
		<truncated>0</truncated>
		<difficult>0</difficult>
		<occluded>0</occluded>
		<bndbox>
			<xmin>1</xmin>
			<xmax>332</xmax>
			<ymin>134</ymin>
			<ymax>336</ymax>
		</bndbox>
	</object>
</annotation>
