<annotation>
	<folder></folder>
	<filename>c7ba731691765c73_jpg.rf.82f72a805b183e3f442ca324c26e7e19.jpg</filename>
	<path>c7ba731691765c73_jpg.rf.82f72a805b183e3f442ca324c26e7e19.jpg</path>
	<source>
		<database>roboflow.ai</database>
	</source>
	<size>
		<width>416</width>
		<height>416</height>
		<depth>3</depth>
	</size>
	<segmented>0</segmented>
	<object>
		<name>Bus</name>
		<pose>Unspecified</pose>
		<truncated>0</truncated>
		<difficult>0</difficult>
		<occluded>0</occluded>
		<bndbox>
			<xmin>22</xmin>
			<xmax>89</xmax>
			<ymin>158</ymin>
			<ymax>196</ymax>
		</bndbox>
	</object>
	<object>
		<name>Bus</name>
		<pose>Unspecified</pose>
		<truncated>0</truncated>
		<difficult>0</difficult>
		<occluded>0</occluded>
		<bndbox>
			<xmin>106</xmin>
			<xmax>155</xmax>
			<ymin>144</ymin>
			<ymax>199</ymax>
		</bndbox>
	</object>
</annotation>
