<annotation>
	<folder></folder>
	<filename>c9c5db9f86740e01_jpg.rf.779b7783d1b5b75d02b8706fb1896301.jpg</filename>
	<path>c9c5db9f86740e01_jpg.rf.779b7783d1b5b75d02b8706fb1896301.jpg</path>
	<source>
		<database>roboflow.ai</database>
	</source>
	<size>
		<width>416</width>
		<height>416</height>
		<depth>3</depth>
	</size>
	<segmented>0</segmented>
	<object>
		<name>Car</name>
		<pose>Unspecified</pose>
		<truncated>0</truncated>
		<difficult>0</difficult>
		<occluded>0</occluded>
		<bndbox>
			<xmin>1</xmin>
			<xmax>185</xmax>
			<ymin>1</ymin>
			<ymax>202</ymax>
		</bndbox>
	</object>
	<object>
		<name>Car</name>
		<pose>Unspecified</pose>
		<truncated>0</truncated>
		<difficult>0</difficult>
		<occluded>0</occluded>
		<bndbox>
			<xmin>122</xmin>
			<xmax>416</xmax>
			<ymin>98</ymin>
			<ymax>393</ymax>
		</bndbox>
	</object>
</annotation>
