<annotation>
	<folder></folder>
	<filename>c9ddb43cf0449556_jpg.rf.3a4e87372c4c6b11d95fafe37d0a5ea3.jpg</filename>
	<path>c9ddb43cf0449556_jpg.rf.3a4e87372c4c6b11d95fafe37d0a5ea3.jpg</path>
	<source>
		<database>roboflow.ai</database>
	</source>
	<size>
		<width>416</width>
		<height>416</height>
		<depth>3</depth>
	</size>
	<segmented>0</segmented>
	<object>
		<name>Car</name>
		<pose>Unspecified</pose>
		<truncated>0</truncated>
		<difficult>0</difficult>
		<occluded>0</occluded>
		<bndbox>
			<xmin>95</xmin>
			<xmax>317</xmax>
			<ymin>115</ymin>
			<ymax>298</ymax>
		</bndbox>
	</object>
	<object>
		<name>Car</name>
		<pose>Unspecified</pose>
		<truncated>0</truncated>
		<difficult>0</difficult>
		<occluded>0</occluded>
		<bndbox>
			<xmin>351</xmin>
			<xmax>417</xmax>
			<ymin>97</ymin>
			<ymax>265</ymax>
		</bndbox>
	</object>
</annotation>
