<annotation>
	<folder></folder>
	<filename>ca00cc1e9f910cfa_jpg.rf.71376573d4859cc7e2516f2c3ecbee47.jpg</filename>
	<path>ca00cc1e9f910cfa_jpg.rf.71376573d4859cc7e2516f2c3ecbee47.jpg</path>
	<source>
		<database>roboflow.ai</database>
	</source>
	<size>
		<width>416</width>
		<height>416</height>
		<depth>3</depth>
	</size>
	<segmented>0</segmented>
	<object>
		<name>Car</name>
		<pose>Unspecified</pose>
		<truncated>0</truncated>
		<difficult>0</difficult>
		<occluded>0</occluded>
		<bndbox>
			<xmin>38</xmin>
			<xmax>398</xmax>
			<ymin>59</ymin>
			<ymax>391</ymax>
		</bndbox>
	</object>
	<object>
		<name>Car</name>
		<pose>Unspecified</pose>
		<truncated>0</truncated>
		<difficult>0</difficult>
		<occluded>0</occluded>
		<bndbox>
			<xmin>243</xmin>
			<xmax>333</xmax>
			<ymin>21</ymin>
			<ymax>77</ymax>
		</bndbox>
	</object>
	<object>
		<name>Car</name>
		<pose>Unspecified</pose>
		<truncated>0</truncated>
		<difficult>0</difficult>
		<occluded>0</occluded>
		<bndbox>
			<xmin>330</xmin>
			<xmax>370</xmax>
			<ymin>39</ymin>
			<ymax>84</ymax>
		</bndbox>
	</object>
	<object>
		<name>Car</name>
		<pose>Unspecified</pose>
		<truncated>0</truncated>
		<difficult>0</difficult>
		<occluded>0</occluded>
		<bndbox>
			<xmin>362</xmin>
			<xmax>416</xmax>
			<ymin>36</ymin>
			<ymax>203</ymax>
		</bndbox>
	</object>
</annotation>
