<annotation>
	<folder></folder>
	<filename>cc266fd9ac857379_jpg.rf.8b15595bfad4b4fabe944b15db49f36c.jpg</filename>
	<path>cc266fd9ac857379_jpg.rf.8b15595bfad4b4fabe944b15db49f36c.jpg</path>
	<source>
		<database>roboflow.ai</database>
	</source>
	<size>
		<width>416</width>
		<height>416</height>
		<depth>3</depth>
	</size>
	<segmented>0</segmented>
	<object>
		<name>Car</name>
		<pose>Unspecified</pose>
		<truncated>0</truncated>
		<difficult>0</difficult>
		<occluded>0</occluded>
		<bndbox>
			<xmin>138</xmin>
			<xmax>417</xmax>
			<ymin>332</ymin>
			<ymax>416</ymax>
		</bndbox>
	</object>
</annotation>
