<annotation>
	<folder></folder>
	<filename>cc524d3712a736f1_jpg.rf.933c3b3bfc3878cdb47801dfb18eab73.jpg</filename>
	<path>cc524d3712a736f1_jpg.rf.933c3b3bfc3878cdb47801dfb18eab73.jpg</path>
	<source>
		<database>roboflow.ai</database>
	</source>
	<size>
		<width>416</width>
		<height>416</height>
		<depth>3</depth>
	</size>
	<segmented>0</segmented>
	<object>
		<name>Car</name>
		<pose>Unspecified</pose>
		<truncated>0</truncated>
		<difficult>0</difficult>
		<occluded>0</occluded>
		<bndbox>
			<xmin>40</xmin>
			<xmax>355</xmax>
			<ymin>135</ymin>
			<ymax>276</ymax>
		</bndbox>
	</object>
</annotation>
