<annotation>
	<folder></folder>
	<filename>cc9784b20f5059c6_jpg.rf.d9b1ea081a2f36bd6fa871854b8c5367.jpg</filename>
	<path>cc9784b20f5059c6_jpg.rf.d9b1ea081a2f36bd6fa871854b8c5367.jpg</path>
	<source>
		<database>roboflow.ai</database>
	</source>
	<size>
		<width>416</width>
		<height>416</height>
		<depth>3</depth>
	</size>
	<segmented>0</segmented>
	<object>
		<name>Car</name>
		<pose>Unspecified</pose>
		<truncated>0</truncated>
		<difficult>0</difficult>
		<occluded>0</occluded>
		<bndbox>
			<xmin>1</xmin>
			<xmax>417</xmax>
			<ymin>63</ymin>
			<ymax>293</ymax>
		</bndbox>
	</object>
</annotation>
