<annotation>
	<folder></folder>
	<filename>ccda9fe055e7fb14_jpg.rf.45deeb6a534a12352be411e59ca86fbd.jpg</filename>
	<path>ccda9fe055e7fb14_jpg.rf.45deeb6a534a12352be411e59ca86fbd.jpg</path>
	<source>
		<database>roboflow.ai</database>
	</source>
	<size>
		<width>416</width>
		<height>416</height>
		<depth>3</depth>
	</size>
	<segmented>0</segmented>
	<object>
		<name>Ambulance</name>
		<pose>Unspecified</pose>
		<truncated>0</truncated>
		<difficult>0</difficult>
		<occluded>0</occluded>
		<bndbox>
			<xmin>131</xmin>
			<xmax>413</xmax>
			<ymin>33</ymin>
			<ymax>385</ymax>
		</bndbox>
	</object>
</annotation>
