<annotation>
	<folder></folder>
	<filename>cd04413a18fb1790_jpg.rf.392122b5198924daae4b8742e5bca98f.jpg</filename>
	<path>cd04413a18fb1790_jpg.rf.392122b5198924daae4b8742e5bca98f.jpg</path>
	<source>
		<database>roboflow.ai</database>
	</source>
	<size>
		<width>416</width>
		<height>416</height>
		<depth>3</depth>
	</size>
	<segmented>0</segmented>
	<object>
		<name>Car</name>
		<pose>Unspecified</pose>
		<truncated>0</truncated>
		<difficult>0</difficult>
		<occluded>0</occluded>
		<bndbox>
			<xmin>162</xmin>
			<xmax>376</xmax>
			<ymin>126</ymin>
			<ymax>388</ymax>
		</bndbox>
	</object>
</annotation>
