<annotation>
	<folder></folder>
	<filename>cd06bf3b8dc15646_jpg.rf.1729f1731c68895f0d1dfe4e4d9cf0c6.jpg</filename>
	<path>cd06bf3b8dc15646_jpg.rf.1729f1731c68895f0d1dfe4e4d9cf0c6.jpg</path>
	<source>
		<database>roboflow.ai</database>
	</source>
	<size>
		<width>416</width>
		<height>416</height>
		<depth>3</depth>
	</size>
	<segmented>0</segmented>
	<object>
		<name>Ambulance</name>
		<pose>Unspecified</pose>
		<truncated>0</truncated>
		<difficult>0</difficult>
		<occluded>0</occluded>
		<bndbox>
			<xmin>143</xmin>
			<xmax>280</xmax>
			<ymin>121</ymin>
			<ymax>260</ymax>
		</bndbox>
	</object>
</annotation>
