<annotation>
	<folder></folder>
	<filename>cd6745ae4dc907c8_jpg.rf.5982644324d308d2409b41afd5f128f0.jpg</filename>
	<path>cd6745ae4dc907c8_jpg.rf.5982644324d308d2409b41afd5f128f0.jpg</path>
	<source>
		<database>roboflow.ai</database>
	</source>
	<size>
		<width>416</width>
		<height>416</height>
		<depth>3</depth>
	</size>
	<segmented>0</segmented>
	<object>
		<name>Car</name>
		<pose>Unspecified</pose>
		<truncated>0</truncated>
		<difficult>0</difficult>
		<occluded>0</occluded>
		<bndbox>
			<xmin>8</xmin>
			<xmax>369</xmax>
			<ymin>107</ymin>
			<ymax>338</ymax>
		</bndbox>
	</object>
</annotation>
