<annotation>
	<folder></folder>
	<filename>cdae08c988feed9d_jpg.rf.e32bf8f0e962a45189b854742da6d5ee.jpg</filename>
	<path>cdae08c988feed9d_jpg.rf.e32bf8f0e962a45189b854742da6d5ee.jpg</path>
	<source>
		<database>roboflow.ai</database>
	</source>
	<size>
		<width>416</width>
		<height>416</height>
		<depth>3</depth>
	</size>
	<segmented>0</segmented>
	<object>
		<name>Car</name>
		<pose>Unspecified</pose>
		<truncated>0</truncated>
		<difficult>0</difficult>
		<occluded>0</occluded>
		<bndbox>
			<xmin>33</xmin>
			<xmax>98</xmax>
			<ymin>219</ymin>
			<ymax>264</ymax>
		</bndbox>
	</object>
</annotation>
