<annotation>
	<folder></folder>
	<filename>ce21b1595f7f0cfb_jpg.rf.6b3afc45800ce68797c59948a4dfa0fa.jpg</filename>
	<path>ce21b1595f7f0cfb_jpg.rf.6b3afc45800ce68797c59948a4dfa0fa.jpg</path>
	<source>
		<database>roboflow.ai</database>
	</source>
	<size>
		<width>416</width>
		<height>416</height>
		<depth>3</depth>
	</size>
	<segmented>0</segmented>
	<object>
		<name>Car</name>
		<pose>Unspecified</pose>
		<truncated>0</truncated>
		<difficult>0</difficult>
		<occluded>0</occluded>
		<bndbox>
			<xmin>42</xmin>
			<xmax>276</xmax>
			<ymin>194</ymin>
			<ymax>374</ymax>
		</bndbox>
	</object>
</annotation>
