<annotation>
	<folder></folder>
	<filename>ceaec0f3cdb104c0_jpg.rf.416a56e242fc4d277acbc4ba445f8c61.jpg</filename>
	<path>ceaec0f3cdb104c0_jpg.rf.416a56e242fc4d277acbc4ba445f8c61.jpg</path>
	<source>
		<database>roboflow.ai</database>
	</source>
	<size>
		<width>416</width>
		<height>416</height>
		<depth>3</depth>
	</size>
	<segmented>0</segmented>
	<object>
		<name>Bus</name>
		<pose>Unspecified</pose>
		<truncated>0</truncated>
		<difficult>0</difficult>
		<occluded>0</occluded>
		<bndbox>
			<xmin>77</xmin>
			<xmax>369</xmax>
			<ymin>223</ymin>
			<ymax>396</ymax>
		</bndbox>
	</object>
	<object>
		<name>Bus</name>
		<pose>Unspecified</pose>
		<truncated>0</truncated>
		<difficult>0</difficult>
		<occluded>0</occluded>
		<bndbox>
			<xmin>366</xmin>
			<xmax>391</xmax>
			<ymin>313</ymin>
			<ymax>364</ymax>
		</bndbox>
	</object>
</annotation>
