<annotation>
	<folder></folder>
	<filename>cf8379de677b7911_jpg.rf.8e2327ec9381a4111a334a35247f8f3e.jpg</filename>
	<path>cf8379de677b7911_jpg.rf.8e2327ec9381a4111a334a35247f8f3e.jpg</path>
	<source>
		<database>roboflow.ai</database>
	</source>
	<size>
		<width>416</width>
		<height>416</height>
		<depth>3</depth>
	</size>
	<segmented>0</segmented>
	<object>
		<name>Ambulance</name>
		<pose>Unspecified</pose>
		<truncated>0</truncated>
		<difficult>0</difficult>
		<occluded>0</occluded>
		<bndbox>
			<xmin>110</xmin>
			<xmax>389</xmax>
			<ymin>52</ymin>
			<ymax>353</ymax>
		</bndbox>
	</object>
</annotation>
