<annotation>
	<folder></folder>
	<filename>d0fa518d2d1f9de2_jpg.rf.9a37e6e3ce34044c6640fb57cc6c4dce.jpg</filename>
	<path>d0fa518d2d1f9de2_jpg.rf.9a37e6e3ce34044c6640fb57cc6c4dce.jpg</path>
	<source>
		<database>roboflow.ai</database>
	</source>
	<size>
		<width>416</width>
		<height>416</height>
		<depth>3</depth>
	</size>
	<segmented>0</segmented>
	<object>
		<name>Ambulance</name>
		<pose>Unspecified</pose>
		<truncated>0</truncated>
		<difficult>0</difficult>
		<occluded>0</occluded>
		<bndbox>
			<xmin>1</xmin>
			<xmax>83</xmax>
			<ymin>152</ymin>
			<ymax>246</ymax>
		</bndbox>
	</object>
	<object>
		<name>Ambulance</name>
		<pose>Unspecified</pose>
		<truncated>0</truncated>
		<difficult>0</difficult>
		<occluded>0</occluded>
		<bndbox>
			<xmin>5</xmin>
			<xmax>339</xmax>
			<ymin>30</ymin>
			<ymax>411</ymax>
		</bndbox>
	</object>
</annotation>
