<annotation>
	<folder></folder>
	<filename>d19ab46e7433e5b6_jpg.rf.7bc2b5c20111a2d1fee3cd26a637edc4.jpg</filename>
	<path>d19ab46e7433e5b6_jpg.rf.7bc2b5c20111a2d1fee3cd26a637edc4.jpg</path>
	<source>
		<database>roboflow.ai</database>
	</source>
	<size>
		<width>416</width>
		<height>416</height>
		<depth>3</depth>
	</size>
	<segmented>0</segmented>
	<object>
		<name>Car</name>
		<pose>Unspecified</pose>
		<truncated>0</truncated>
		<difficult>0</difficult>
		<occluded>0</occluded>
		<bndbox>
			<xmin>325</xmin>
			<xmax>406</xmax>
			<ymin>250</ymin>
			<ymax>351</ymax>
		</bndbox>
	</object>
</annotation>
