<annotation>
	<folder></folder>
	<filename>d19f3557d1314817_jpg.rf.84c663321f2e2dae8df552f261b2069d.jpg</filename>
	<path>d19f3557d1314817_jpg.rf.84c663321f2e2dae8df552f261b2069d.jpg</path>
	<source>
		<database>roboflow.ai</database>
	</source>
	<size>
		<width>416</width>
		<height>416</height>
		<depth>3</depth>
	</size>
	<segmented>0</segmented>
	<object>
		<name>Car</name>
		<pose>Unspecified</pose>
		<truncated>0</truncated>
		<difficult>0</difficult>
		<occluded>0</occluded>
		<bndbox>
			<xmin>14</xmin>
			<xmax>370</xmax>
			<ymin>8</ymin>
			<ymax>240</ymax>
		</bndbox>
	</object>
</annotation>
