<annotation>
	<folder></folder>
	<filename>d1d94b2d00fe61ca_jpg.rf.fb9ecddca460678a8e0fa2933f390833.jpg</filename>
	<path>d1d94b2d00fe61ca_jpg.rf.fb9ecddca460678a8e0fa2933f390833.jpg</path>
	<source>
		<database>roboflow.ai</database>
	</source>
	<size>
		<width>416</width>
		<height>416</height>
		<depth>3</depth>
	</size>
	<segmented>0</segmented>
	<object>
		<name>Truck</name>
		<pose>Unspecified</pose>
		<truncated>0</truncated>
		<difficult>0</difficult>
		<occluded>0</occluded>
		<bndbox>
			<xmin>1</xmin>
			<xmax>403</xmax>
			<ymin>25</ymin>
			<ymax>393</ymax>
		</bndbox>
	</object>
</annotation>
