<annotation>
	<folder></folder>
	<filename>d24ca593fdb348fc_jpg.rf.e849ff4e73796e6d6bcced371142685e.jpg</filename>
	<path>d24ca593fdb348fc_jpg.rf.e849ff4e73796e6d6bcced371142685e.jpg</path>
	<source>
		<database>roboflow.ai</database>
	</source>
	<size>
		<width>416</width>
		<height>416</height>
		<depth>3</depth>
	</size>
	<segmented>0</segmented>
	<object>
		<name>Ambulance</name>
		<pose>Unspecified</pose>
		<truncated>0</truncated>
		<difficult>0</difficult>
		<occluded>0</occluded>
		<bndbox>
			<xmin>49</xmin>
			<xmax>158</xmax>
			<ymin>135</ymin>
			<ymax>251</ymax>
		</bndbox>
	</object>
</annotation>
