<annotation>
	<folder></folder>
	<filename>d25391d708f337ce_jpg.rf.909f31dc11dd44574f13e6cf94796a25.jpg</filename>
	<path>d25391d708f337ce_jpg.rf.909f31dc11dd44574f13e6cf94796a25.jpg</path>
	<source>
		<database>roboflow.ai</database>
	</source>
	<size>
		<width>416</width>
		<height>416</height>
		<depth>3</depth>
	</size>
	<segmented>0</segmented>
	<object>
		<name>Car</name>
		<pose>Unspecified</pose>
		<truncated>0</truncated>
		<difficult>0</difficult>
		<occluded>0</occluded>
		<bndbox>
			<xmin>22</xmin>
			<xmax>52</xmax>
			<ymin>289</ymin>
			<ymax>317</ymax>
		</bndbox>
	</object>
	<object>
		<name>Car</name>
		<pose>Unspecified</pose>
		<truncated>0</truncated>
		<difficult>0</difficult>
		<occluded>0</occluded>
		<bndbox>
			<xmin>50</xmin>
			<xmax>64</xmax>
			<ymin>293</ymin>
			<ymax>307</ymax>
		</bndbox>
	</object>
	<object>
		<name>Car</name>
		<pose>Unspecified</pose>
		<truncated>0</truncated>
		<difficult>0</difficult>
		<occluded>0</occluded>
		<bndbox>
			<xmin>59</xmin>
			<xmax>83</xmax>
			<ymin>295</ymin>
			<ymax>309</ymax>
		</bndbox>
	</object>
</annotation>
