<annotation>
	<folder></folder>
	<filename>d31c720e294fee1a_jpg.rf.54d3275dfff05fff412126af8c089cf5.jpg</filename>
	<path>d31c720e294fee1a_jpg.rf.54d3275dfff05fff412126af8c089cf5.jpg</path>
	<source>
		<database>roboflow.ai</database>
	</source>
	<size>
		<width>416</width>
		<height>416</height>
		<depth>3</depth>
	</size>
	<segmented>0</segmented>
	<object>
		<name>Truck</name>
		<pose>Unspecified</pose>
		<truncated>0</truncated>
		<difficult>0</difficult>
		<occluded>0</occluded>
		<bndbox>
			<xmin>86</xmin>
			<xmax>416</xmax>
			<ymin>51</ymin>
			<ymax>397</ymax>
		</bndbox>
	</object>
</annotation>
