<annotation>
	<folder></folder>
	<filename>d33bb0d6aa206686_jpg.rf.ee5a0d115fc67cd2d4eff07e8869e3e9.jpg</filename>
	<path>d33bb0d6aa206686_jpg.rf.ee5a0d115fc67cd2d4eff07e8869e3e9.jpg</path>
	<source>
		<database>roboflow.ai</database>
	</source>
	<size>
		<width>416</width>
		<height>416</height>
		<depth>3</depth>
	</size>
	<segmented>0</segmented>
	<object>
		<name>Car</name>
		<pose>Unspecified</pose>
		<truncated>0</truncated>
		<difficult>0</difficult>
		<occluded>0</occluded>
		<bndbox>
			<xmin>233</xmin>
			<xmax>245</xmax>
			<ymin>352</ymin>
			<ymax>363</ymax>
		</bndbox>
	</object>
	<object>
		<name>Car</name>
		<pose>Unspecified</pose>
		<truncated>0</truncated>
		<difficult>0</difficult>
		<occluded>0</occluded>
		<bndbox>
			<xmin>236</xmin>
			<xmax>261</xmax>
			<ymin>351</ymin>
			<ymax>373</ymax>
		</bndbox>
	</object>
</annotation>
