<annotation>
	<folder></folder>
	<filename>d3825b2a6074c541_jpg.rf.61afdc920eabd18c690e59d693e5f973.jpg</filename>
	<path>d3825b2a6074c541_jpg.rf.61afdc920eabd18c690e59d693e5f973.jpg</path>
	<source>
		<database>roboflow.ai</database>
	</source>
	<size>
		<width>416</width>
		<height>416</height>
		<depth>3</depth>
	</size>
	<segmented>0</segmented>
	<object>
		<name>Motorcycle</name>
		<pose>Unspecified</pose>
		<truncated>0</truncated>
		<difficult>0</difficult>
		<occluded>0</occluded>
		<bndbox>
			<xmin>98</xmin>
			<xmax>155</xmax>
			<ymin>290</ymin>
			<ymax>358</ymax>
		</bndbox>
	</object>
</annotation>
