<annotation>
	<folder></folder>
	<filename>d3ecf31b6ea93e9c_jpg.rf.e610df9dda28762ec7c9793c81c58122.jpg</filename>
	<path>d3ecf31b6ea93e9c_jpg.rf.e610df9dda28762ec7c9793c81c58122.jpg</path>
	<source>
		<database>roboflow.ai</database>
	</source>
	<size>
		<width>416</width>
		<height>416</height>
		<depth>3</depth>
	</size>
	<segmented>0</segmented>
	<object>
		<name>Bus</name>
		<pose>Unspecified</pose>
		<truncated>0</truncated>
		<difficult>0</difficult>
		<occluded>0</occluded>
		<bndbox>
			<xmin>1</xmin>
			<xmax>128</xmax>
			<ymin>93</ymin>
			<ymax>320</ymax>
		</bndbox>
	</object>
	<object>
		<name>Bus</name>
		<pose>Unspecified</pose>
		<truncated>0</truncated>
		<difficult>0</difficult>
		<occluded>0</occluded>
		<bndbox>
			<xmin>123</xmin>
			<xmax>343</xmax>
			<ymin>25</ymin>
			<ymax>414</ymax>
		</bndbox>
	</object>
</annotation>
