<annotation>
	<folder></folder>
	<filename>d42a0bbfe8880627_jpg.rf.165645374c7bd88c5786a90807f33c1b.jpg</filename>
	<path>d42a0bbfe8880627_jpg.rf.165645374c7bd88c5786a90807f33c1b.jpg</path>
	<source>
		<database>roboflow.ai</database>
	</source>
	<size>
		<width>416</width>
		<height>416</height>
		<depth>3</depth>
	</size>
	<segmented>0</segmented>
	<object>
		<name>Car</name>
		<pose>Unspecified</pose>
		<truncated>0</truncated>
		<difficult>0</difficult>
		<occluded>0</occluded>
		<bndbox>
			<xmin>1</xmin>
			<xmax>129</xmax>
			<ymin>270</ymin>
			<ymax>314</ymax>
		</bndbox>
	</object>
</annotation>
