<annotation>
	<folder></folder>
	<filename>d50d7d05ebcb572c_jpg.rf.409d3a135de1d7a953e0e5f849f08b83.jpg</filename>
	<path>d50d7d05ebcb572c_jpg.rf.409d3a135de1d7a953e0e5f849f08b83.jpg</path>
	<source>
		<database>roboflow.ai</database>
	</source>
	<size>
		<width>416</width>
		<height>416</height>
		<depth>3</depth>
	</size>
	<segmented>0</segmented>
	<object>
		<name>Motorcycle</name>
		<pose>Unspecified</pose>
		<truncated>0</truncated>
		<difficult>0</difficult>
		<occluded>0</occluded>
		<bndbox>
			<xmin>1</xmin>
			<xmax>214</xmax>
			<ymin>159</ymin>
			<ymax>344</ymax>
		</bndbox>
	</object>
</annotation>
