<annotation>
	<folder></folder>
	<filename>d56b0614c384299d_jpg.rf.22e1cef6529d2a5432036b01bef5ee13.jpg</filename>
	<path>d56b0614c384299d_jpg.rf.22e1cef6529d2a5432036b01bef5ee13.jpg</path>
	<source>
		<database>roboflow.ai</database>
	</source>
	<size>
		<width>416</width>
		<height>416</height>
		<depth>3</depth>
	</size>
	<segmented>0</segmented>
	<object>
		<name>Car</name>
		<pose>Unspecified</pose>
		<truncated>0</truncated>
		<difficult>0</difficult>
		<occluded>0</occluded>
		<bndbox>
			<xmin>48</xmin>
			<xmax>265</xmax>
			<ymin>148</ymin>
			<ymax>309</ymax>
		</bndbox>
	</object>
</annotation>
