<annotation>
	<folder></folder>
	<filename>d5982e8c9f63acc8_jpg.rf.8c1f720b0fbbbe7feb6894e344bf0993.jpg</filename>
	<path>d5982e8c9f63acc8_jpg.rf.8c1f720b0fbbbe7feb6894e344bf0993.jpg</path>
	<source>
		<database>roboflow.ai</database>
	</source>
	<size>
		<width>416</width>
		<height>416</height>
		<depth>3</depth>
	</size>
	<segmented>0</segmented>
	<object>
		<name>Car</name>
		<pose>Unspecified</pose>
		<truncated>0</truncated>
		<difficult>0</difficult>
		<occluded>0</occluded>
		<bndbox>
			<xmin>161</xmin>
			<xmax>254</xmax>
			<ymin>139</ymin>
			<ymax>242</ymax>
		</bndbox>
	</object>
</annotation>
