<annotation>
	<folder></folder>
	<filename>d5a95b86f4ce76c1_jpg.rf.914198ae15840fe0142cb8249a159162.jpg</filename>
	<path>d5a95b86f4ce76c1_jpg.rf.914198ae15840fe0142cb8249a159162.jpg</path>
	<source>
		<database>roboflow.ai</database>
	</source>
	<size>
		<width>416</width>
		<height>416</height>
		<depth>3</depth>
	</size>
	<segmented>0</segmented>
	<object>
		<name>Ambulance</name>
		<pose>Unspecified</pose>
		<truncated>0</truncated>
		<difficult>0</difficult>
		<occluded>0</occluded>
		<bndbox>
			<xmin>66</xmin>
			<xmax>336</xmax>
			<ymin>139</ymin>
			<ymax>368</ymax>
		</bndbox>
	</object>
</annotation>
