<annotation>
	<folder></folder>
	<filename>d67db4e0e81979e4_jpg.rf.a3f33381320889bd363f0402bc534e9b.jpg</filename>
	<path>d67db4e0e81979e4_jpg.rf.a3f33381320889bd363f0402bc534e9b.jpg</path>
	<source>
		<database>roboflow.ai</database>
	</source>
	<size>
		<width>416</width>
		<height>416</height>
		<depth>3</depth>
	</size>
	<segmented>0</segmented>
	<object>
		<name>Car</name>
		<pose>Unspecified</pose>
		<truncated>0</truncated>
		<difficult>0</difficult>
		<occluded>0</occluded>
		<bndbox>
			<xmin>25</xmin>
			<xmax>82</xmax>
			<ymin>283</ymin>
			<ymax>334</ymax>
		</bndbox>
	</object>
	<object>
		<name>Car</name>
		<pose>Unspecified</pose>
		<truncated>0</truncated>
		<difficult>0</difficult>
		<occluded>0</occluded>
		<bndbox>
			<xmin>113</xmin>
			<xmax>165</xmax>
			<ymin>280</ymin>
			<ymax>335</ymax>
		</bndbox>
	</object>
</annotation>
