<annotation>
	<folder></folder>
	<filename>d6cb030b80f36d93_jpg.rf.bb2e9decd8985dff2abc958a3ad95845.jpg</filename>
	<path>d6cb030b80f36d93_jpg.rf.bb2e9decd8985dff2abc958a3ad95845.jpg</path>
	<source>
		<database>roboflow.ai</database>
	</source>
	<size>
		<width>416</width>
		<height>416</height>
		<depth>3</depth>
	</size>
	<segmented>0</segmented>
	<object>
		<name>Bus</name>
		<pose>Unspecified</pose>
		<truncated>0</truncated>
		<difficult>0</difficult>
		<occluded>0</occluded>
		<bndbox>
			<xmin>169</xmin>
			<xmax>303</xmax>
			<ymin>133</ymin>
			<ymax>250</ymax>
		</bndbox>
	</object>
</annotation>
