<annotation>
	<folder></folder>
	<filename>d77b53c86cdbdadf_jpg.rf.9290674ff1a375ac7b15c1742acc5bf3.jpg</filename>
	<path>d77b53c86cdbdadf_jpg.rf.9290674ff1a375ac7b15c1742acc5bf3.jpg</path>
	<source>
		<database>roboflow.ai</database>
	</source>
	<size>
		<width>416</width>
		<height>416</height>
		<depth>3</depth>
	</size>
	<segmented>0</segmented>
	<object>
		<name>Ambulance</name>
		<pose>Unspecified</pose>
		<truncated>0</truncated>
		<difficult>0</difficult>
		<occluded>0</occluded>
		<bndbox>
			<xmin>83</xmin>
			<xmax>325</xmax>
			<ymin>159</ymin>
			<ymax>315</ymax>
		</bndbox>
	</object>
	<object>
		<name>Ambulance</name>
		<pose>Unspecified</pose>
		<truncated>0</truncated>
		<difficult>0</difficult>
		<occluded>0</occluded>
		<bndbox>
			<xmin>304</xmin>
			<xmax>414</xmax>
			<ymin>199</ymin>
			<ymax>278</ymax>
		</bndbox>
	</object>
</annotation>
