<annotation>
	<folder></folder>
	<filename>d7b4f384da274b4a_jpg.rf.d3d53a31cfdf59f6018ab41306020774.jpg</filename>
	<path>d7b4f384da274b4a_jpg.rf.d3d53a31cfdf59f6018ab41306020774.jpg</path>
	<source>
		<database>roboflow.ai</database>
	</source>
	<size>
		<width>416</width>
		<height>416</height>
		<depth>3</depth>
	</size>
	<segmented>0</segmented>
	<object>
		<name>Car</name>
		<pose>Unspecified</pose>
		<truncated>0</truncated>
		<difficult>0</difficult>
		<occluded>0</occluded>
		<bndbox>
			<xmin>249</xmin>
			<xmax>414</xmax>
			<ymin>34</ymin>
			<ymax>237</ymax>
		</bndbox>
	</object>
	<object>
		<name>Car</name>
		<pose>Unspecified</pose>
		<truncated>0</truncated>
		<difficult>0</difficult>
		<occluded>0</occluded>
		<bndbox>
			<xmin>26</xmin>
			<xmax>122</xmax>
			<ymin>88</ymin>
			<ymax>142</ymax>
		</bndbox>
	</object>
	<object>
		<name>Car</name>
		<pose>Unspecified</pose>
		<truncated>0</truncated>
		<difficult>0</difficult>
		<occluded>0</occluded>
		<bndbox>
			<xmin>28</xmin>
			<xmax>83</xmax>
			<ymin>120</ymin>
			<ymax>194</ymax>
		</bndbox>
	</object>
</annotation>
