<annotation>
	<folder></folder>
	<filename>d82e0b91d310037c_jpg.rf.af6ab5c18705e36fc4de3f9f186298a4.jpg</filename>
	<path>d82e0b91d310037c_jpg.rf.af6ab5c18705e36fc4de3f9f186298a4.jpg</path>
	<source>
		<database>roboflow.ai</database>
	</source>
	<size>
		<width>416</width>
		<height>416</height>
		<depth>3</depth>
	</size>
	<segmented>0</segmented>
	<object>
		<name>Truck</name>
		<pose>Unspecified</pose>
		<truncated>0</truncated>
		<difficult>0</difficult>
		<occluded>0</occluded>
		<bndbox>
			<xmin>148</xmin>
			<xmax>383</xmax>
			<ymin>168</ymin>
			<ymax>356</ymax>
		</bndbox>
	</object>
</annotation>
