<annotation>
	<folder></folder>
	<filename>d8457fa9476ca19f_jpg.rf.8740fdc61807c093d55aa30c1c8cf43f.jpg</filename>
	<path>d8457fa9476ca19f_jpg.rf.8740fdc61807c093d55aa30c1c8cf43f.jpg</path>
	<source>
		<database>roboflow.ai</database>
	</source>
	<size>
		<width>416</width>
		<height>416</height>
		<depth>3</depth>
	</size>
	<segmented>0</segmented>
	<object>
		<name>Motorcycle</name>
		<pose>Unspecified</pose>
		<truncated>0</truncated>
		<difficult>0</difficult>
		<occluded>0</occluded>
		<bndbox>
			<xmin>22</xmin>
			<xmax>400</xmax>
			<ymin>15</ymin>
			<ymax>386</ymax>
		</bndbox>
	</object>
	<object>
		<name>Motorcycle</name>
		<pose>Unspecified</pose>
		<truncated>0</truncated>
		<difficult>0</difficult>
		<occluded>0</occluded>
		<bndbox>
			<xmin>178</xmin>
			<xmax>410</xmax>
			<ymin>14</ymin>
			<ymax>186</ymax>
		</bndbox>
	</object>
	<object>
		<name>Motorcycle</name>
		<pose>Unspecified</pose>
		<truncated>0</truncated>
		<difficult>0</difficult>
		<occluded>0</occluded>
		<bndbox>
			<xmin>287</xmin>
			<xmax>406</xmax>
			<ymin>1</ymin>
			<ymax>122</ymax>
		</bndbox>
	</object>
</annotation>
