<annotation>
	<folder></folder>
	<filename>d8b725a5e406bf77_jpg.rf.92d7d777280fe8c295bd8c5e6d96be41.jpg</filename>
	<path>d8b725a5e406bf77_jpg.rf.92d7d777280fe8c295bd8c5e6d96be41.jpg</path>
	<source>
		<database>roboflow.ai</database>
	</source>
	<size>
		<width>416</width>
		<height>416</height>
		<depth>3</depth>
	</size>
	<segmented>0</segmented>
	<object>
		<name>Bus</name>
		<pose>Unspecified</pose>
		<truncated>0</truncated>
		<difficult>0</difficult>
		<occluded>0</occluded>
		<bndbox>
			<xmin>2</xmin>
			<xmax>411</xmax>
			<ymin>7</ymin>
			<ymax>378</ymax>
		</bndbox>
	</object>
</annotation>
