<annotation>
	<folder></folder>
	<filename>d900408a3652fdce_jpg.rf.d4b4e3fc100d27224009c65e6af14e7a.jpg</filename>
	<path>d900408a3652fdce_jpg.rf.d4b4e3fc100d27224009c65e6af14e7a.jpg</path>
	<source>
		<database>roboflow.ai</database>
	</source>
	<size>
		<width>416</width>
		<height>416</height>
		<depth>3</depth>
	</size>
	<segmented>0</segmented>
	<object>
		<name>Bus</name>
		<pose>Unspecified</pose>
		<truncated>0</truncated>
		<difficult>0</difficult>
		<occluded>0</occluded>
		<bndbox>
			<xmin>7</xmin>
			<xmax>241</xmax>
			<ymin>21</ymin>
			<ymax>329</ymax>
		</bndbox>
	</object>
</annotation>
