<annotation>
	<folder></folder>
	<filename>d9f305c713b2dadb_jpg.rf.5cdc2309389bc3c03b8dfa2b9843add6.jpg</filename>
	<path>d9f305c713b2dadb_jpg.rf.5cdc2309389bc3c03b8dfa2b9843add6.jpg</path>
	<source>
		<database>roboflow.ai</database>
	</source>
	<size>
		<width>416</width>
		<height>416</height>
		<depth>3</depth>
	</size>
	<segmented>0</segmented>
	<object>
		<name>Motorcycle</name>
		<pose>Unspecified</pose>
		<truncated>0</truncated>
		<difficult>0</difficult>
		<occluded>0</occluded>
		<bndbox>
			<xmin>138</xmin>
			<xmax>263</xmax>
			<ymin>165</ymin>
			<ymax>308</ymax>
		</bndbox>
	</object>
</annotation>
