<annotation>
	<folder></folder>
	<filename>da20e0a516903791_jpg.rf.9c7ea10270703d16ce24e8221010cf3e.jpg</filename>
	<path>da20e0a516903791_jpg.rf.9c7ea10270703d16ce24e8221010cf3e.jpg</path>
	<source>
		<database>roboflow.ai</database>
	</source>
	<size>
		<width>416</width>
		<height>416</height>
		<depth>3</depth>
	</size>
	<segmented>0</segmented>
	<object>
		<name>Car</name>
		<pose>Unspecified</pose>
		<truncated>0</truncated>
		<difficult>0</difficult>
		<occluded>0</occluded>
		<bndbox>
			<xmin>1</xmin>
			<xmax>242</xmax>
			<ymin>26</ymin>
			<ymax>152</ymax>
		</bndbox>
	</object>
	<object>
		<name>Car</name>
		<pose>Unspecified</pose>
		<truncated>0</truncated>
		<difficult>0</difficult>
		<occluded>0</occluded>
		<bndbox>
			<xmin>8</xmin>
			<xmax>159</xmax>
			<ymin>29</ymin>
			<ymax>159</ymax>
		</bndbox>
	</object>
</annotation>
