<annotation>
	<folder></folder>
	<filename>da386cf96761ef58_jpg.rf.a22f74232fbf4152656e4c21a5a806a4.jpg</filename>
	<path>da386cf96761ef58_jpg.rf.a22f74232fbf4152656e4c21a5a806a4.jpg</path>
	<source>
		<database>roboflow.ai</database>
	</source>
	<size>
		<width>416</width>
		<height>416</height>
		<depth>3</depth>
	</size>
	<segmented>0</segmented>
	<object>
		<name>Ambulance</name>
		<pose>Unspecified</pose>
		<truncated>0</truncated>
		<difficult>0</difficult>
		<occluded>0</occluded>
		<bndbox>
			<xmin>67</xmin>
			<xmax>384</xmax>
			<ymin>130</ymin>
			<ymax>315</ymax>
		</bndbox>
	</object>
</annotation>
