<annotation>
	<folder></folder>
	<filename>da73fa913610a8af_jpg.rf.e23df6082c8937b7b85d33ec5c76aec6.jpg</filename>
	<path>da73fa913610a8af_jpg.rf.e23df6082c8937b7b85d33ec5c76aec6.jpg</path>
	<source>
		<database>roboflow.ai</database>
	</source>
	<size>
		<width>416</width>
		<height>416</height>
		<depth>3</depth>
	</size>
	<segmented>0</segmented>
	<object>
		<name>Motorcycle</name>
		<pose>Unspecified</pose>
		<truncated>0</truncated>
		<difficult>0</difficult>
		<occluded>0</occluded>
		<bndbox>
			<xmin>20</xmin>
			<xmax>374</xmax>
			<ymin>94</ymin>
			<ymax>394</ymax>
		</bndbox>
	</object>
</annotation>
