<annotation>
	<folder></folder>
	<filename>db8edd501003ee7d_jpg.rf.91af2719a820c14c3e7274f47c4e5cb3.jpg</filename>
	<path>db8edd501003ee7d_jpg.rf.91af2719a820c14c3e7274f47c4e5cb3.jpg</path>
	<source>
		<database>roboflow.ai</database>
	</source>
	<size>
		<width>416</width>
		<height>416</height>
		<depth>3</depth>
	</size>
	<segmented>0</segmented>
	<object>
		<name>Car</name>
		<pose>Unspecified</pose>
		<truncated>0</truncated>
		<difficult>0</difficult>
		<occluded>0</occluded>
		<bndbox>
			<xmin>24</xmin>
			<xmax>393</xmax>
			<ymin>35</ymin>
			<ymax>417</ymax>
		</bndbox>
	</object>
</annotation>
