<annotation>
	<folder></folder>
	<filename>dc0dbdc656725dc2_jpg.rf.95e9b900e148d1f1a1b4bb975b962200.jpg</filename>
	<path>dc0dbdc656725dc2_jpg.rf.95e9b900e148d1f1a1b4bb975b962200.jpg</path>
	<source>
		<database>roboflow.ai</database>
	</source>
	<size>
		<width>416</width>
		<height>416</height>
		<depth>3</depth>
	</size>
	<segmented>0</segmented>
	<object>
		<name>Car</name>
		<pose>Unspecified</pose>
		<truncated>0</truncated>
		<difficult>0</difficult>
		<occluded>0</occluded>
		<bndbox>
			<xmin>70</xmin>
			<xmax>273</xmax>
			<ymin>201</ymin>
			<ymax>321</ymax>
		</bndbox>
	</object>
</annotation>
