<annotation>
	<folder></folder>
	<filename>dc8954c5b6cf6c1d_jpg.rf.62c2ac7526fcc89f44cc4186a2743cf5.jpg</filename>
	<path>dc8954c5b6cf6c1d_jpg.rf.62c2ac7526fcc89f44cc4186a2743cf5.jpg</path>
	<source>
		<database>roboflow.ai</database>
	</source>
	<size>
		<width>416</width>
		<height>416</height>
		<depth>3</depth>
	</size>
	<segmented>0</segmented>
	<object>
		<name>Car</name>
		<pose>Unspecified</pose>
		<truncated>0</truncated>
		<difficult>0</difficult>
		<occluded>0</occluded>
		<bndbox>
			<xmin>181</xmin>
			<xmax>296</xmax>
			<ymin>313</ymin>
			<ymax>372</ymax>
		</bndbox>
	</object>
</annotation>
