<annotation>
	<folder></folder>
	<filename>dc8bd5855688ad54_jpg.rf.419670ac209a40acaaac0caa5a85d0f6.jpg</filename>
	<path>dc8bd5855688ad54_jpg.rf.419670ac209a40acaaac0caa5a85d0f6.jpg</path>
	<source>
		<database>roboflow.ai</database>
	</source>
	<size>
		<width>416</width>
		<height>416</height>
		<depth>3</depth>
	</size>
	<segmented>0</segmented>
	<object>
		<name>Car</name>
		<pose>Unspecified</pose>
		<truncated>0</truncated>
		<difficult>0</difficult>
		<occluded>0</occluded>
		<bndbox>
			<xmin>6</xmin>
			<xmax>160</xmax>
			<ymin>207</ymin>
			<ymax>269</ymax>
		</bndbox>
	</object>
	<object>
		<name>Car</name>
		<pose>Unspecified</pose>
		<truncated>0</truncated>
		<difficult>0</difficult>
		<occluded>0</occluded>
		<bndbox>
			<xmin>258</xmin>
			<xmax>410</xmax>
			<ymin>205</ymin>
			<ymax>271</ymax>
		</bndbox>
	</object>
	<object>
		<name>Car</name>
		<pose>Unspecified</pose>
		<truncated>0</truncated>
		<difficult>0</difficult>
		<occluded>0</occluded>
		<bndbox>
			<xmin>346</xmin>
			<xmax>417</xmax>
			<ymin>303</ymin>
			<ymax>417</ymax>
		</bndbox>
	</object>
</annotation>
