<annotation>
	<folder></folder>
	<filename>dc904e3df7290455_jpg.rf.179d612d5a50198db826a69d7732871e.jpg</filename>
	<path>dc904e3df7290455_jpg.rf.179d612d5a50198db826a69d7732871e.jpg</path>
	<source>
		<database>roboflow.ai</database>
	</source>
	<size>
		<width>416</width>
		<height>416</height>
		<depth>3</depth>
	</size>
	<segmented>0</segmented>
	<object>
		<name>Car</name>
		<pose>Unspecified</pose>
		<truncated>0</truncated>
		<difficult>0</difficult>
		<occluded>0</occluded>
		<bndbox>
			<xmin>1</xmin>
			<xmax>416</xmax>
			<ymin>49</ymin>
			<ymax>323</ymax>
		</bndbox>
	</object>
</annotation>
