<annotation>
	<folder></folder>
	<filename>ddd9751b7335badf_jpg.rf.9b04f6e06575ec8539d9e23ebc266a82.jpg</filename>
	<path>ddd9751b7335badf_jpg.rf.9b04f6e06575ec8539d9e23ebc266a82.jpg</path>
	<source>
		<database>roboflow.ai</database>
	</source>
	<size>
		<width>416</width>
		<height>416</height>
		<depth>3</depth>
	</size>
	<segmented>0</segmented>
	<object>
		<name>Car</name>
		<pose>Unspecified</pose>
		<truncated>0</truncated>
		<difficult>0</difficult>
		<occluded>0</occluded>
		<bndbox>
			<xmin>28</xmin>
			<xmax>389</xmax>
			<ymin>133</ymin>
			<ymax>375</ymax>
		</bndbox>
	</object>
</annotation>
